goods_discount_quote,goods_name,goods_p_price,gifts,goods_image_path,venderid,goods_discount,goods_price,goods_ad,goods_promotion,goods_brand_id,goods_id,goods_image_url
0,七彩虹(Colorful)iGame1060烈焰战神S-6GD5 Top  6G192bit吃鸡显卡,1749.00,,full/6204e1562ced504e0d762ba5805e0954c3d380e8.jpg,1000000267,0,1749.00,京东热销、上万好评！纯铜镀镍散热管、直触式高效散热，轻松玩转游戏,,22215,3342660,https://img10.360buyimg.com/n7/jfs/t1/592/22/12137/92195/5bd1830dEf8f180f4/d8d6367f8cd607d7.jpg
0,华硕（ASUS）DUAL-GeForce GTX1060-O6G 1569-1809MHz 6G/8GHz GDDR5 雪豹系列游戏“吃鸡”显卡,1949.00,,full/66b6af0ad66634b306a67c45d545cefe686b779b.jpg,1000000225,0,1999.00,"【买即减50,赠剑网3专属礼包】严选芯片1569-1809MHz吊打低频显卡,11片翼形强风扇!",每满1000元，可减50元现金,8551,3182191,https://img11.360buyimg.com/n7/jfs/t7618/260/2068444304/347589/6a3ba180/59a687d6N3729d32f.jpg
0,技嘉(GIGABYTE)GeForce GTX 1070Ti GAMING 1607MHz-1683MHz/8008MHz/8G/256bit绝地求生/吃鸡显卡,3599.00,,full/7736f420dc78928b90ad79f13fa1a274a9081273.jpg,1000000297,0,3599.00,"【迎双旦3000-200】1070TiGAMING,朝生碧海逆水成寒,电竞“吃鸡”显卡",满3000元减200元,8900,5492009,https://img14.360buyimg.com/n7/jfs/t16675/283/785118322/404540/bb677789/5aaa0651N943cd763.jpg
0,索泰（ZOTAC）GeForce GTX1060 X-GAMING OC吃鸡显卡/游戏电竞台式机独立显卡 6GD5/1569-1784/8008MHz,1799.00,,full/43692725e92683475f69590f3bae69a6cbfabd5b.jpg,1000002556,0,1799.00,"【赠剑网3游戏礼包】网红爆款!LOGO信仰灯,3热管2风扇散热更出众!",,16546,3281156,https://img11.360buyimg.com/n7/jfs/t6988/285/2115461466/171490/7f426059/59896cadN7c170bf7.jpg
1000,蓝宝石 (Sapphire) Radeon RX Vega 56 8G HBM2 白金版 OC 1208-1512/1600MHz DX12 吃鸡显卡,2799.00,,full/5d76223b0beedb450589ab6ed645adeb3558239e.jpg,1000005574,50,2799.00,Vega10核心，高带宽显存，7+1相供电，全背板设计，引爆游戏激情,,10864,7576289,https://img14.360buyimg.com/n7/jfs/t18370/68/2539244514/143872/114f3506/5afa55a2N99ff6c1c.jpg
1000,蓝宝石（Sapphire）RADEON RX Vega 8G HBM2 超白金OC  1529-1580MHz/1890MHz DX12 吃鸡显卡,3599.00,,full/8510fe9b904349c687588d7fbbdc0caf63ea450f.jpg,1000005574,50,3599.00,8GB HBM2高带宽显存，RGB LED灯组，三风扇八热管，硬核玩家之选,满2000元减200元,10864,100000809753,https://img13.360buyimg.com/n7/jfs/t25588/300/1829475988/138099/dd1c3a16/5bbd6a3bNd4eef981.jpg
0,七彩虹（Colorful）iGame GeForce RTX 2080Ti Vulcan X OC GDDR6 11G电竞游戏显卡,11999.00,,full/a3dea1c312adcbdb52880af0b2ee5764259e4f58.jpg,1000000267,0,11999.00,,,22215,100001653709,https://img14.360buyimg.com/n7/jfs/t28765/305/809899317/112772/b09c7f6c/5bfe64b3N83925811.jpg
0,微星（MSI）GeForce GTX 1060 GAMING X 6G 1594-1809MHZ GDDR5 192BIT PCI-E 3.0 旗舰红龙 吃鸡显卡,2199.00,,full/3e2a80a34fd75de2fcd4efccd4afc9cfab82a82e.jpg,1000000266,0,2199.00,"【旧卡升级大额补贴,剑网3游戏礼包,年终大抽奖】（28日起2070领券减400）",,17443,3295240,https://img10.360buyimg.com/n7/jfs/t18442/74/2071557420/119185/e4e3d236/5ae3f0e5N46bba1d8.jpg
0,七彩虹（Colorful）iGame GeForce RTX 2080 Advanced OC  GDDR6 8G电竞游戏显卡,5999.00,,full/0bb537dd22690b5f4acd51504fe6c4bd6c466a7a.jpg,1000000267,0,5999.00,iGame RTX20显卡大有不同，光影技术、图灵架构游戏新动力，真空冰片技术，RGB能量灯效颜值实力兼备,每满1000元，可减50元现金,22215,8963621,https://img11.360buyimg.com/n7/jfs/t1/4342/31/12071/126667/5bd2c9b1Eb76f24b9/aa0b3257a4ecf13a.jpg
3000,索泰（ZOTAC）RTX2070-8GD6 X-GAMING OC吃鸡显卡/游戏电竞台式机独立显卡1410-1680/14000MHz,4099.00,,full/9a2910b6f5561a2a21c372b92dd562553e1af9bd.jpg,1000002556,400,4099.00,"【领券减400】RGB信仰灯,强化供电,合金骨架,Type-C接口!",,16546,100000856857,https://img12.360buyimg.com/n7/jfs/t25198/157/2150679008/547013/5755acf0/5bc4454bN3c111da8.jpg
3000,华硕（ASUS）ROG-STRIX-GeForce RTX2070-O8G-GAMING 1410-1845MHz 14000MHz猛禽游戏电竞专业显卡 8G,5099.00,漫威卡通钢铁侠小号摆件车内摆件复仇者联盟3机箱手办漫威动漫模型手办汽车摆件2.5英寸正版漫威新款,full/e678671cf1cd7c79ab9500cc52ccd6f37c8e8863.jpg,1000000225,400,5299.00,"【领券立减400,赠剑网3专属礼包+钢铁侠手办】全新超频软件!升级镜面直触技术！",,8551,100000913459,https://img14.360buyimg.com/n7/jfs/t1/2028/36/16570/179335/5be2a0ebE2de9914e/73ce5d23201031c6.jpg
0,索泰（ZOTAC）GeForce RTX2080-8GD6 X-GAMING OC吃鸡显卡/游戏电竞台式机独立显卡1515-1770/14000MHz,5699.00,,full/98ad23cf6cfb2c4f4d29a091c34b4c3d847a764e.jpg,1000002556,0,5699.00,"【赠剑网3游戏礼包】RGB信仰灯,强化供电,合金骨架,Type-C接口!",,16546,8945609,https://img14.360buyimg.com/n7/jfs/t25246/303/812880972/286156/917c8fda/5b7b80bdN3df1d49f.jpg
0,华硕（ASUS）ROG STRIX-GeForce RTX 2080-O8G-GAMING 1515-1890MHz 14000MHz猛禽游戏电竞专业显卡 8G,7599.00,漫威卡通钢铁侠小号摆件车内摆件复仇者联盟3机箱手办漫威动漫模型手办汽车摆件2.5英寸正版漫威新款,full/e110111d789df5f4a0e2948ab9435d042d21c2c2.jpg,1000000225,0,7999.00,"【买即减350,赠剑网3专属礼包+钢铁侠手办】全新超频软件+二代风扇控制,RGB神光同步!",每满1000元，可减50元现金,8551,8963509,https://img14.360buyimg.com/n7/jfs/t26161/266/2397353721/128038/fb0d5b0b/5bffcbdeNab7e41ae.jpg
3000,七彩虹（Colorful）iGame GeForce RTX 2070 Ultra  GDDR6 8G电竞游戏显卡,4199.00,,full/347ae661e446f4a49799d0808c2fa6d168cdd640.jpg,1000000267,400,4199.00,全新图灵架构、光线追踪技术游戏更爽更嗨，升级版iGame Zone II让显卡更DIY,,22215,100000675501,https://img11.360buyimg.com/n7/jfs/t26611/32/1041605578/97393/391cb1df/5bbf1ec7Nc99f6738.jpg
0,七彩虹（Colorful）iGame1050Ti 烈焰战神S-4GD5GTX1050Ti 1366-1480MHz/7000MHz 4G/128bit GDDR5 显卡,1149.00,,full/9dd0134d5e43ccc0a8cc29590a3cdaabff99b8bc.jpg,1000000267,0,1149.00,【京东上万口碑推荐显卡】RGB信仰灯、金属背板、数字供电实力兼具畅快游戏体验,,22215,3543805,https://img10.360buyimg.com/n7/jfs/t1/3520/27/12076/113934/5bd183c6E53732f42/de480a2d7af61a72.jpg
3000,技嘉(GIGABYTE)GeForce RTX 2070 GAMING OC 1740-1725MHz 14000MHz 256bit GDDR6 8G 电竞游戏显卡,4599.00,,full/2a27853397cd56db1af3d7de116ae0ee602464ba.jpg,1000000297,400,4599.00,"【迎双旦3000-400】2070OC小黑,朝生碧海逆水成寒,电竞“吃鸡”显卡(此商品不参加上述活动)",,8900,100000902612,https://img12.360buyimg.com/n7/jfs/t26677/326/2111888031/203115/5f7d5b29/5bff971aN650b257d.jpg
1000,蓝宝石（Sapphire）RX580 8G D5 超白金 OC 1340-1411MHz/8000MHz 8GB/256bit GDDR5 DX12 吃鸡显卡,1699.00,,full/fcfe489b1f7c79343b210005c76e12b8a2b099f0.jpg,1000005574,50,1699.00,8G大显存，全新Dual-X 四热管双风扇散热系统，畅爽游戏,满999元减50元,10864,4879936,https://img11.360buyimg.com/n7/jfs/t1/4295/5/13014/159382/5bd67f65Eb40386ff/936a23cf7f34d35c.jpg
0,索泰（ZOTAC）GTX1070Ti Mini吃鸡显卡/游戏电竞台式机独立显卡 8GD5/1607-1683/8008MHz,3099.00,,full/77943ace8c3a02f26ebd694f7778c7c0375839d4.jpg,1000002556,0,3099.00,"【游戏独显,优选索泰京东自营GTX吃鸡显卡!】有信仰的游戏小钢炮,9+10cm非对称双风扇!典藏高性能迷你卡!",,16546,100000399872,https://img12.360buyimg.com/n7/jfs/t1/537/9/5739/327859/5b9f6819E15d64ff4/db52bb466510714d.jpg
1000,蓝宝石（Sapphire）RX590 8G D5 超白金极光特别版1545-1560MHz/8000-8400MHz 8GB/256bit GDDR5 DX12显卡,1999.00,,full/124db4675d5ee033b31b7fe7c0ab9bb6b479ac35.jpg,1000005574,50,1999.00,12nm新制程，RGB光效加持，更高性能助你开启新征程,,10864,100001800296,https://img11.360buyimg.com/n7/jfs/t1/9690/37/7569/341838/5be39281Ecf657067/1ee2dae5e4585293.jpg
0,七彩虹(Colorful)iGame1060烈焰战神U-6GD5 Top GTX1060 6G 192bit吃鸡显卡,1799.00,,full/8b31685b0ccb4453dc1fd83b96845eac6421f7af.jpg,1000000267,0,1799.00,iGame显卡过万评价认可，三风扇散热，一键超频，装机好选择,,22215,2979203,https://img13.360buyimg.com/n7/jfs/t7777/231/1451026090/76492/9e967724/599d20b9Nff33cdc8.jpg
0,索泰（ZOTAC）GeForce GTX1060至尊Plus OC吃鸡显卡/游戏电竞台式机独立显卡 6GD5/1607-1835/8108MHz,1999.00,,full/b8692055d0d2d6d9fd671543642281c436342b8d.jpg,1000002556,0,1999.00,【赠剑网3游戏礼包】酷炫信仰灯!10相壕供电!4风扇散热更出色!,,16546,3449888,https://img13.360buyimg.com/n7/jfs/t5584/223/9728413684/198118/f41cf605/59896c76Nc8e83ed6.jpg
0,华硕（ASUS）ROG STRIX-GTX1060-A6G-GAMING  猛禽系列游戏吃鸡”显卡,2389.00,,full/4ca411b50acd026612aa30d1aff0a6962b25b65f.jpg,1000000225,0,2499.00,"【买即减100,赠剑网3专属礼包】一键超频!神光同步!热管直触三风扇!全自动制程工艺!",每满1000元，可减50元现金,8551,8601922,https://img12.360buyimg.com/n7/jfs/t1/6195/36/7297/170586/5be2a283Eae23ff6f/126711aaa02ad697.jpg
0,微星（MSI）GeForce RTX 2080 GAMING X TRIO 8GB 1515-1860MHz 256BIT GDDR6 电竞魔龙 新代显卡,7499.00,,full/b5367ab70f5b31f4a4acfd336918a4e21205cda4.jpg,1000000266,0,7499.00,"【旧卡升级大额补贴,剑网3游戏礼包,年终大抽奖】（28日起2070领券减400）",,17443,8928883,https://img13.360buyimg.com/n7/jfs/t1/516/40/9641/262078/5bac51b8E5850ea3c/c0dec78249729cd9.jpg
3000,微星（MSI）GeForce RTX 2070 ARMOR 8G 1410-1620MHz 256BIT GDDR6 装甲师 电竞游戏显卡,4299.00,,full/57f307b0fe9a34fe24189ff6ab59ef3936c2ef5b.jpg,1000000266,400,4299.00,"【旧卡升级大额补贴,剑网3游戏礼包,年终大抽奖】（28日起2070领券减400）",,17443,100000871187,https://img12.360buyimg.com/n7/jfs/t26191/179/1130206787/256035/38e53b66/5bc05d84N3fdc3e14.jpg
0,映众 GeForce GTX1060 X3冰龙海量版 ICHILL 1771/8000MHz 6GB/192Bit GDDR5 PCI-E 吃鸡显卡,1829.00,,full/ddddef3311c5822eacc790413f7859d13731500c.jpg,1000005704,0,1829.00,特效流畅吃鸡！逢6必火！十力不凡！超公版性能更强劲，三风扇巨无霸更低温，带金属背板及LED呼吸灯！,,19972,3251468,https://img13.360buyimg.com/n7/jfs/t8749/133/1385905979/370852/9f5a2b4f/59b8ade6N4b67cc0d.jpg
0,索泰（ZOTAC）GTX1060 X-GAMING OC M3吃鸡显卡/游戏电竞台式机独立显卡 6GD5/1569-1784/8008MHz,1799.00,,full/d0e96cc8187745e9584c6f0267e6bae1653d68ba.jpg,1000002556,0,1799.00,【赠剑网3游戏礼包】爆款1066升级版!三风扇壕用料!酷炫信仰灯!,,16546,8173834,https://img14.360buyimg.com/n7/jfs/t23341/319/920049308/234163/dd2aca0a/5b485f42N3b4298c7.jpg
0,七彩虹（Colorful）iGame GeForce RTX 2080 Ti Advanced OC  GDDR6 11G电竞游戏显卡,9999.00,,full/cd39225ddc11ef8760d5c490c8d1b0ebfc569c64.jpg,1000000267,0,9999.00,【RNG专用显卡】iGame RTX20显卡大有不同，光影技术、图灵架构游戏新动力，iGame真空冰片技术加银鲨散热器2.0双重加持,,22215,8963629,https://img14.360buyimg.com/n7/jfs/t24244/262/2542206198/105700/eb07e1eb/5b84fb6aNd4b9a6a4.jpg
0,技嘉(GIGABYTE)GeForce RTX 2080 GAMING OC 1830-1815MHz 14000MHz 256bit GDDR6 8G 电竞游戏显卡,6599.00,,full/f416e9d3d421a8fa97a79b5c421b20f974212173.jpg,1000000297,0,6599.00,"【迎双旦4000-300】2080小黑,朝生碧海,逆水成寒,电竞“吃鸡”显卡",满4000元减300元,8900,8945581,https://img11.360buyimg.com/n7/jfs/t29137/327/855216399/203115/5f7d5b29/5bff992fN07f4c399.jpg
0,七彩虹(Colorful)iGame1060烈焰战神U-6GD5 1556-1771/8008MHz6G192bit吃鸡显卡,1749.00,,full/ae7df2c73821d446e5ee69ef9017a4a4905039c0.jpg,1000000267,0,1749.00,6G显卡小机箱福音，小巧更具实力，全视频接口，一键超频工作、游戏轻松搞定,每满1000元，可减50元现金,22215,3455746,https://img11.360buyimg.com/n7/jfs/t7834/112/1437436471/88745/410cbde6/599d2123Nb5f6ea66.jpg
1000,迪兰（Dataland）RX 580 8G X-Serial 战神 1340-1380/8000MHz 8GB/256-bit GDDR5 DX12 VR游戏显卡 吃鸡显卡,1549.00,,full/b49c68e3cf58018cd4e708a70123abc407d18b2c.jpg,1000005539,50,1549.00,高频率非公版，更强的X-serial显卡，全镀镍四热管散热器，游戏VR全不惧,满1000元减100元,6094,5206866,https://img11.360buyimg.com/n7/jfs/t8758/198/2356402528/315452/22560723/59cb6026N2b6efb51.jpg
0,微星（MSI）GeForce GTX 1050 Ti GAMING X 4G 1290-1493MHZ 128BIT GDDR5 PCI-E 3.0 旗舰红龙 吃鸡显卡,1199.00,,full/62265e38a8c9f10a04c7a38c700783acbdf7cc87.jpg,1000000266,0,1199.00,"【旧卡升级大额补贴,剑网3游戏礼包,年终大抽奖】（28日起2070领券减400）",,17443,3977224,https://img14.360buyimg.com/n7/jfs/t9322/52/226672575/470550/1fa29e4d/59a3cf11N22e355fd.jpg
0,技嘉(GIGABYTE)GeForce RTX 2070 WINDFORCE 1620 14000MHz 256bit GDDR6 8G 电竞游戏显卡,4099.00,,full/8633ab27b4171c32b53ae7103b146ce4b6adc6cf.jpg,1000000297,0,4099.00,正逆转气流导向设计!全覆盖散热模组!软磁粉复合式热管强力导热!1670W色RGB流光溢彩，带来畅爽游戏体验！,每满1000元，可减50元现金,8900,100001022915,https://img10.360buyimg.com/n7/jfs/t27046/214/2383753710/187868/1e33f048/5bff96f1N7d2f0ed6.jpg
0,技嘉(GIGABYTE)GeForce GTX 1060 G1 Gaming D5X 6G显卡,2099.00,,full/ead77341b16f190f097016199d456a6a51d77cd9.jpg,1000000297,0,2199.00,"【迎双旦2000-100】G1经典，三风扇,朝生碧海逆水成寒,电竞“吃鸡”显卡",满1000元减100元,8900,100001396955,https://img10.360buyimg.com/n7/jfs/t26659/50/1448314355/91436/7c6c315f/5be3f7e8N4bf6c180.jpg
3000,微星（MSI）GeForce RTX 2070 GAMING Z 8G 1410-1830MHz 256BIT GDDR6 双风魔龙 电竞游戏独立显卡,5099.00,,full/099a3528c8fb84518e4e7e7252b7cc5c17378069.jpg,1000000266,400,5099.00,"【旧卡升级大额补贴,剑网3游戏礼包,年终大抽奖】（28日起2070领券减400）",,17443,100001057406,https://img11.360buyimg.com/n7/jfs/t25957/1/2004839785/260500/1f0610df/5bc05d05Nf87b7392.jpg
3000,微星（MSI）GeForce RTX 2070 8G DUKE OC 暗黑龙爵 1410-1755MHz 256BIT GDDR6 三风黑龙 电竞游戏显卡,4599.00,,full/45aec4b33e682adb497ec13bbd36cad54153542b.jpg,1000000266,400,4599.00,"【旧卡升级大额补贴,剑网3游戏礼包,年终大抽奖】（28日起2070领券减400）",每满1000元，可减50元现金,17443,100001057364,https://img14.360buyimg.com/n7/jfs/t26404/49/1082096505/235215/70fd0c51/5bc05d31N132dd31d.jpg
0,索泰（ZOTAC）GeForce GTX1070 X-GAMING OC吃鸡显卡/游戏电竞台式机独立显卡 8GD5/1582-1771/8008MHz,2799.00,,full/26ce89239bff343183e03dd7644e184fd1be1194.jpg,1000002556,0,2799.00,"【游戏独显,优选索泰京东自营GTX吃鸡显卡!】酷炫信仰灯!三风扇壕用料!轻松玩转3A大作!",,16546,3282626,https://img11.360buyimg.com/n7/jfs/t7039/234/2137998881/175567/61d95867/5989712bNbe7f718a.jpg
0,七彩虹（Colorful）iGame GeForce RTX 2080 AD Special OC GDDR6 8G电竞游戏显卡,5799.00,,full/5a77d3b7e640cff4f7da6cc4c129cb9cb2aa9e14.jpg,1000000267,0,5799.00,,,22215,100001620328,https://img13.360buyimg.com/n7/jfs/t28357/22/782097113/118112/c7bbebe/5bfd00f3Nd5a136b9.jpg
0,影驰（Galaxy）GeForce GTX 1050 Ti大将 1354(1468)MHz/7GHz 4G/128Bit D5 PCI-E吃鸡显卡,1099.00,,full/31cbf3f716b01ae1a9cb7f7fbd2630d1c02c15f7.jpg,1000000308,0,1099.00,三年质保，爆款推荐！高品质猎鹰散热器，全铜热管，稳定高效电容电感！(此商品不参加上述活动),,19962,3472255,https://img10.360buyimg.com/n7/jfs/t22915/285/1052631835/183052/3742c7db/5b4d757aNf3a71379.jpg
0,华硕（ASUS）CERBERUS-GeForce GTX1050TI-A4G 1303MHz-1417MHz 地狱犬系列游戏显卡 全新背板,1199.00,,full/cb872d3ca7606d70d03a1138619acaa3de74b632.jpg,1000000225,0,1199.00,【腾讯游戏推荐+三年质保】全自动制成！散热背板加持，防尘风扇酷冷耐用！,,8551,6164010,https://img10.360buyimg.com/n7/jfs/t1/1760/37/15665/99528/5be0144cE41fa6398/336c70b93fd757db.jpg
0,微星（MSI）GeForce RTX 2080 Ti VENTUS 11G  352BIT GDDR6  新代游戏显卡 万图师,9666.00,,full/84abd7dc43f2628f9bbdb3ee7cd600581a2a72bd.jpg,1000000266,0,9666.00,"【旧卡升级大额补贴,剑网3游戏礼包,年终大抽奖】（28日起2070领券减400）",,17443,8797490,https://img10.360buyimg.com/n7/jfs/t1/1533/27/14768/197684/5bdc1ff5E03be051b/f408c95922f1a145.jpg
0,华硕（ASUS）ROG-STRIX-GeForce RTX2080 TI-A11G-GAMING 1350-1590MHz 14000MHz 游戏电竞专业显卡 11G,12888.00,,full/0d98850dc316d7ae15275d797e3af9c67b521525.jpg,1000000225,0,12888.00,2.7插槽＆镜面直触散热设计，AURA灯效控制，全新超频软件，二代风扇控制，重塑新视界！,,8551,100000913467,https://img12.360buyimg.com/n7/jfs/t1/7895/33/6915/164328/5be29ffbE93a96a63/6d65a9e59bdbf41a.jpg
0,技嘉(GIGABYTE)GeForce GTX 1050Ti OC 1316-1430MHz/7008MHz 4G/128bit游戏显卡,1099.00,,full/84ae4d819785faa2f3771ba55549a36fd40dee73.jpg,1000000297,0,1249.00,进阶版风之力2X散热系统/全新耐久用料/技嘉1050Ti OC高性价比显卡助你轻松游戏!,,8900,3592597,https://img12.360buyimg.com/n7/jfs/t19738/86/830724467/471623/bdeb173c/5aaa11ceN6db34dcc.jpg
0,七彩虹(Colorful)iGame1060烈焰战神U-3GD5 TOP GTX1060 1594-1809/8008MHz3G/192bit吃鸡显卡,1449.00,,full/6d35baf0f8495acd436295d968cca35ecfb158bc.jpg,1000000267,0,1449.00,iGame显卡实力认可，一键超频更多游戏体验，三风扇散热、8相数字供电、金属板有料才有实力,,22215,3478774,https://img14.360buyimg.com/n7/jfs/t7906/353/1620141932/76492/9e967724/599e4441Nff9d1aef.jpg
0,七彩虹(Colorful)iGame1070烈焰战神U-8GD5 Top GTX1070 1569-1759MHz/8008MHz8G/256bit吃鸡显卡,2899.00,,full/fa6d93ca9cd020a4487714eed679d4f01d40657b.jpg,1000000267,0,2899.00,,,22215,3203194,https://img14.360buyimg.com/n7/jfs/t7813/213/1449611143/76492/9e967724/599d2028Neb112210.jpg
1000,蓝宝石 Sapphire RX580 8G D5 白金版 OC 1366MHz/8000MHz 8GB/256bit GDDR5 DX12 独立游戏显卡,1599.00,,full/6a6ee6e3b6c456049a1bf4645ae5ecb2de4c68b9.jpg,1000005574,50,1599.00,双风扇四热管，全尺寸金属背板，畅玩主流游戏,满999元减50元,10864,4394599,https://img14.360buyimg.com/n7/jfs/t28255/129/230837455/257133/bf42f16a/5beb7eb3Na1b46129.jpg
0,微星（MSI）GeForce GTX 1070 GAMING 1531-1721MHz 256bit  8GB GDDR5 PCI-E 3.0 旗舰红龙 吃鸡显卡,2799.00,,full/d166ed6e8d4f404034ec6ced8ab75a6fc21c17f8.jpg,1000000266,0,2799.00,"【旧卡升级大额补贴,剑网3游戏礼包,年终大抽奖】（28日起2070领券减400）",,17443,2912105,https://img10.360buyimg.com/n7/jfs/t8788/319/230582558/476559/20315271/59a3d2f8Nfe782d02.jpg
0,EVGA GTX1070Ti 8G FTW2 GAMING iCX 1607-1683MHz/8008MHz 电脑吃鸡游戏独立显卡,3199.00,,full/936b3c53ec7b962cca74f7f6d71e7edb4b6d1392.jpg,1000080223,0,3199.00,,,40012,5677619,https://img14.360buyimg.com/n7/jfs/t11755/87/962618773/373154/51d48d30/59fc0e66Nc07e3582.jpg
0,影驰（Galaxy）GeForce GTX 1070 大将 1594(1784)MHz/8GHz 8G/256Bit D5 PCI-E 游戏显卡,3049.00,,full/e85c625082658773095da32ff8a27325bc751333.jpg,1000000308,0,3049.00,,每满1000元，可减150元现金,19962,3167454,https://img14.360buyimg.com/n7/jfs/t5824/5/9579882495/120241/d91ab901/5987e0afN4902a8f1.jpg
3000,技嘉(GIGABYTE)AORUS GeForce RTX 2070 小雕 1770MHz 14000MHz 256bit GDDR6 8G 电竞游戏显卡,4999.00,,full/daec80e0241e27d92e11018a94f8c591c9f25074.jpg,1000000297,400,4999.00,"【迎双旦3000-400】2070小雕,朝生碧海逆水成寒,电竞“吃鸡”显卡(此商品不参加上述活动)",,8900,100001285748,https://img13.360buyimg.com/n7/jfs/t28804/45/866999392/226870/f03c18bc/5bff95caN380ded2d.jpg
0,铭瑄（MAXSUN）GeForce GTX 1050Ti终结者4G 128bit/GDDR5 主流电竞游戏显卡/ 独显,1049.00,,full/208c4e123730526e06c3b10ae78ec287e273d51e.jpg,1000094211,0,1049.00,【满800-50 低至999！领券再减！】,满800元减50元,13026,3892430,https://img10.360buyimg.com/n7/jfs/t25831/112/2476736167/220744/49cca6ce/5be6db38N8d9590cd.jpg
0,华硕（ASUS）ROG-STRIX-RX580-O8G-GAMING 8G/8000MHz 256bit GDDR5 PCI-E3.0电竞游戏显卡 “吃鸡”显卡,1999.00,,full/8c205136b669f1e9cd86191ab515a6fbce25f39e.jpg,1000000225,0,1999.00,"【满1000-100,晒单评论返100E卡】前后RGB信仰灯,8相超合金供电!三风扇散热加镜面直触设计!",满1000元减100元,8551,4871626,https://img11.360buyimg.com/n7/jfs/t8185/322/1562888641/361166/abfe81d5/59bba202Ne775b944.jpg
0,技嘉(GIGABYTE)GeForce GTX 1070 G1 GAMING 1594-1784MHz/8008MHz 8G/256bit绝地求生/吃鸡显卡,3199.00,,full/7071345489ae60f046e13802aeccaa50ac852427.jpg,1000000297,0,3299.00,"【迎双旦3000-200】1070G1,朝生碧海逆水成寒,电竞“吃鸡”显卡",满3000元减200元,8900,3110304,https://img14.360buyimg.com/n7/jfs/t17776/51/803899395/391751/77dcfb6/5aa8c774N84fd446e.jpg
1000,蓝宝石（Sapphire）RX580 2048SP 4G D5 白金版 OC 1306MHz/7000MHz 4GB/256bit GDDR5 DX12 吃鸡显卡,1299.00,,full/1fb328f83be31529c191f7c47b928d2705506a57.jpg,1000005574,50,1299.00,白金品质闪耀，全尺寸金属背板，双风扇双热管，畅玩主流游戏,满1000元减100元,10864,100000784724,https://img14.360buyimg.com/n7/jfs/t26494/158/852507369/229566/ac754830/5bbb22c8N47138103.jpg
0,影驰（Galaxy）GeForce GTX 1070 名人堂 1620(1822)MHz/8GHz 8G/256Bit D5 PCI-E “吃鸡” 显卡,3249.00,,full/c67d2711abbf502777216935d1e5595a8caf8f57.jpg,1000000308,0,3249.00,"每满1000减150,12月年终狂欢庆典！GTX1070名人堂，一切只为性能(此商品不参加上述活动)",每满1000元，可减150元现金,19962,3168844,https://img14.360buyimg.com/n7/jfs/t7117/287/1078002004/132063/b604469e/5987d536N3013812d.jpg
0,技嘉(GIGABYTE)GeForce GTX 1060 WF2OC 1556-1771MHz/8008MHz 6G/192bit绝地求生/吃鸡显卡,1899.00,,full/eebe1936e80f57ba92ea58eb151518d5af8cb0f3.jpg,1000000297,0,1899.00,"电竞快人一步!1060低功耗高性能双扇,全尺寸背板,高频高规,流畅游戏新体验!",满1000元减100元,8900,3350804,https://img14.360buyimg.com/n7/jfs/t3040/123/417437855/104934/5534a02e/579f1676N48ed3abb.jpg
0,丽台（LEADTEK）NVIDIA Quadro P2000 5GB GDDR5/160bit/140GBps/CUDA核心1024 建模渲染绘图专业显卡,3369.00,,full/0672510b99422376df9a948af72bcae0012b86b5.jpg,1000000522,0,3369.00,【12.25-29喜迎双旦尊享好礼】满1000-100；3000-200；5000-400（部分商品不参与）详情咨询客服,满1000元减100元，满3000元减200元，满5000元减400元,11440,4991746,https://img11.360buyimg.com/n7/jfs/t1/5754/25/16355/149452/5be1672eE79eabd7c/5b005cfee863084e.jpg
0,华硕（ASUS）DUAL-GeForce RTX 2080-O8G 1515-1830MHz 14000MHz 游戏电竞专业显卡 8G 256bit 独立显卡,6399.00,漫威卡通钢铁侠小号摆件车内摆件复仇者联盟3机箱手办漫威动漫模型手办汽车摆件2.5英寸正版漫威新款,full/5a500fbf70c071a0935014be7747d5b5f182a9a3.jpg,1000000225,0,6699.00,"【赢双重好礼,剑网3专属礼包+钢铁侠手办】全新智能超频软件!铝制强化背板!超合金供电!",,8551,8752810,https://img10.360buyimg.com/n7/jfs/t22882/99/2280408547/245787/4fed3e42/5b7ab4b7N6d479982.jpg
0,华硕（ASUS）ROG STRIX-GeForce GTX1050TI-O4G-GAMING 1392-1518MHz 7008MHz猛禽游戏显卡 玩家国度信仰灯,1399.00,,full/7751ac0d4a0820f96e7ca0c40087cb194588ad88.jpg,1000000225,0,1499.00,【ROG爆款猛禽游戏利器】智能超频!全自动制程，5相超合金供电!热管直触，超强散热!流畅吃鸡优选!,,8551,3640705,https://img10.360buyimg.com/n7/jfs/t8647/121/60768965/375295/e30fd60f/599fdf85Nb1f3cfb8.jpg
0,华硕（ASUS）ROG STRIX-VEGA56-O8G-GAMING 1297-1573MHz 玩家国度猛禽电竞游戏“吃鸡”显卡,3099.00,,full/fc65b2feb3ba513f9fa48a45530c63c06478b001.jpg,1000000225,0,3099.00,"【满1000-100,晒单评论返100E卡】8G显存,三风扇加镜面直触技术!RGB神光同步!超合金供电!",满1000元减100元,8551,6060200,https://img10.360buyimg.com/n7/jfs/t15598/285/852126811/359369/adce0c04/5a40b94dNa70432a9.jpg
0,影驰（Galaxy）GeForce GTX 1070 GAMER 1620(1822)MHz/8GHz 8G/256Bit D5 PCI-E 游戏显卡,3399.00,,full/be28f1cca5ea1144e2aebfd8b3c0bc4522351615.jpg,1000000308,0,3399.00,,每满1000元，可减150元现金,19962,3167482,https://img12.360buyimg.com/n7/jfs/t20083/173/2712001843/238120/e5d44c09/5b4d7515N07546d5f.jpg
0,铭瑄（MAXSUN）GeForce GTX 1060终结者6G 192bit/GDDR5 吃鸡显卡/游戏显卡/绝地求生/大逃杀,1749.00,,full/551c0f6fdc678ef471b45abf81b8aa41d315b641.jpg,1000094211,0,1749.00,【满1000-100 再送价值630元游戏礼包 领券再减】,满1000元减100元,13026,3377596,https://img11.360buyimg.com/n7/jfs/t25288/17/2592606987/233622/568551e0/5be6d9ccNfb3abf99.jpg
3000,七彩虹（Colorful）iGame GeForce RTX 2070 AD Special OC GDDR6 8G电竞游戏显卡,4599.00,,full/534d627f587d45acbac1f68118397ac3fb0eb216.jpg,1000000267,400,4699.00,,,22215,100001154892,https://img12.360buyimg.com/n7/jfs/t25342/101/2151666772/88443/b0b326cf/5bc5c66bN571ed9bc.jpg
0,华硕（ASUS）DUAL-GeForce RTX 2080 TI-O11G 1350-1650MHz 14000MHz 游戏电竞专业显卡 11G 352bit 独立显卡,10999.00,,full/3b063254c5596486d4dc59806eec39640791af8d.jpg,1000000225,0,10999.00,"【新品发布,货源稀缺】全新智能超频软件!铝制强化背板!更大散热鳍片!超合金供电!升级镜面直触，疾速稳定!",,8551,8963569,https://img14.360buyimg.com/n7/jfs/t25963/136/756827459/248665/d57400b5/5b7ab41fN31613112.jpg
1000,蓝宝石（Sapphire）RX580 2048SP 8G D5 白金版 OC 1306MHz/8000MHz 8GB/256bit GDDR5 DX12 吃鸡显卡,1499.00,,full/c12b4cb4b36fee558022e66d261b7c03ad1359c4.jpg,1000005574,50,1499.00,8G大显存，95mm大尺寸双风扇，散热更出众，高效稳定运行，畅爽游戏,满1000元减100元,10864,100000784748,https://img13.360buyimg.com/n7/jfs/t26947/60/866927707/229566/ac754830/5bbb20f8N951468ee.jpg
0,技嘉(GIGABYTE)AORUS GeForce RTX 2080 XTREME 大雕 1890MHz 14140MHz 256bit GDDR6 8G 电竞游戏显卡,7999.00,,full/fdc3d05866aa236d77ea89041d99d6d785946b38.jpg,1000000297,0,7999.00,"【迎双旦7000-500】2080大雕,朝生碧海,逆水成寒,电竞“吃鸡”显卡",满7000元减500元,8900,100000902614,https://img14.360buyimg.com/n7/jfs/t30487/196/840796187/217531/c7d1311c/5bff96a7N55648b0b.jpg
0,微星（MSI）GeForce GTX 1060 飙风 6G 1759-1544MHz GDDR5 192BIT PCI-E 3.0 吃鸡显卡,1899.00,,full/127ca50007791dfc6dd0cba6ba49b9d7e4c628db.jpg,1000000266,0,1899.00,"【旧卡升级大额补贴,剑网3游戏礼包,年终大抽奖】（28日起2070领券减400）",,17443,5459469,https://img14.360buyimg.com/n7/jfs/t10900/31/1716863515/447604/ac13eab1/59e56da0N5067beb8.jpg
3000,影驰（Galaxy）GeForce RTX 2070,4099.00,,full/747ecc4bfe2b134eab9d885091c4ad046c7e0209.jpg,1000000308,400,4299.00,"年终庆典,热销新品RTX2070领券下单立减400!(此商品不参加上述活动)",,19962,100001232400,https://img10.360buyimg.com/n7/jfs/t25909/68/2197725062/105729/f9fef511/5bc69e10Nc43fa768.jpg
0,技嘉(GIGABYTE)GeForce GTX 1050 OC 1379-1493MHz/7008MHz 2G/128bit游戏显卡,949.00,,full/fc68d32e4f246a78e0011974ae35853bc4120299.jpg,1000000297,0,949.00,"进阶版风之力2X散热系统/全新耐久用料品质/技嘉1050 OC,高性价比显卡助你轻松游戏!",,8900,4055764,https://img14.360buyimg.com/n7/jfs/t18025/202/870248637/502872/6bf325a4/5aaa1687N34bd33a3.jpg
0,七彩虹(Colorful)iGame1070烈焰战神S-8GD5 1531-1721MHz/8008MHz 8G/256bitGDDR5吃鸡显卡,2899.00,,full/2e0712a9751edcbaf4bb3c4579eb95fae7193fd8.jpg,1000000267,0,2899.00,【iGame显卡 游戏装备实力品牌】6+2相数字供电，纯铜镀镍散热管、直触式高效散热，轻松玩转游戏,,22215,3087219,https://img14.360buyimg.com/n7/jfs/t7891/118/1489936301/83396/b25b7c9c/599d205eNf0017d7e.jpg
0,微星（MSI）GeForce RTX 2080 8G DUKE 暗黑龙爵 1515-1845MHz 256BIT GDDR6  电竞黑龙 新代显卡,6799.00,,full/5637b237712ce929ccf3e069e8850a2fff46b390.jpg,1000000266,0,6799.00,"【旧卡升级大额补贴,剑网3游戏礼包,年终大抽奖】（28日起2070领券减400）",每满1000元，可减50元现金,17443,8928861,https://img11.360buyimg.com/n7/jfs/t1/2761/23/8497/222623/5ba9ed68Ee9632da6/76f4eacffddcf93f.jpg
0,七彩虹(Colorful)iGame1060烈焰战神U-3GD5 GTX1060 1556-1771/8008MHz3G/192bit吃鸡显卡,1399.00,,full/0d5ab86fd1c6906c69fb4fe5024961c0122a7e6f.jpg,1000000267,0,1399.00,小机箱福音，小巧更具实力，全视频接口，一键超频工作、游戏轻松搞定,,22215,3478780,https://img10.360buyimg.com/n7/jfs/t7798/19/1599772406/88745/410cbde6/599e4472N11fe7fc0.jpg
1000,迪兰（Dataland）RX 580 2048SP 4G X-Serial 战将 1284-1310/7000MHz 4GB/256-bit GDDR5 DX12独立游戏显卡,1249.00,,full/374bd0d64a43ee0f8ec37f1bbb559ce4f5629864.jpg,1000005539,50,1249.00,4G显存，三热管高效导热，双BIOS配置，防护背板配备，激战更从容,满1000元减100元,6094,100000689327,https://img12.360buyimg.com/n7/jfs/t1/540/24/13385/341595/5bd66f6eEbe0b6af6/63fe91e7c52442ab.jpg
0,讯景（XFX）Radeon RX Vega 56 8GB 非公版 1156 Boost 1471MHz/1600bps 2048bit HBM2 显卡,2699.00,,full/ce1a7fc7430fc577f46884a5ee597ce829756337.jpg,1000000450,0,2699.00,性能对飚1080，8+8Pin稳定供电，freeSync拒绝画面撕裂,,18866,7107790,https://img10.360buyimg.com/n7/jfs/t17845/141/1710828496/318509/cb8985ff/5ad59726N8aed2a06.jpg
0,华硕（ASUS）ROG-STRIX-GeForce RTX2080 TI-O11G-GAMING 1350-1665MHz 14000MHz 游戏电竞专业显卡 11G,13499.00,,full/29184cc06e872ae32ce7ed372b5b0f954f2a5c17.jpg,1000000225,0,13499.00,【RW战队，指定显卡】智能超频软件！2.7插槽＆镜面直触散热技术，第二代FANCONNECT技术，开启显卡新时代！,,8551,100001121028,https://img13.360buyimg.com/n7/jfs/t1/10115/33/2982/168567/5be2a0c5Ed1982954/9f366df69f39a2df.jpg
0,讯景（XFX）RX 580 8G 黑狼版 1366MHz/8GHz-1386MHz/8.1GHz 256bit GDDR5 显卡,1549.00,,full/173e5077b62c609902f70d621211476583d99138.jpg,1000000450,0,1549.00,DOTA2游戏推荐显卡，8G显存吃的饱、freeSync拒绝画面撕裂。,,18866,4075141,https://img11.360buyimg.com/n7/jfs/t12919/148/2037571423/248011/5a079a8e/5a31d85aN5f8cb8a0.jpg
0,索泰（ZOTAC）RTX2080Ti-11GD6 玩家力量至尊PGF OC14吃鸡显卡/游戏电竞台式机独立显卡1350-1755/14000MHz,12999.00,,full/fa1fa494c21b7f239f0f56e865348e1e2c4a71cf.jpg,1000002556,0,12999.00,"【从GTX到RTX,玩转光追,就用索泰游戏显卡!】6热管3风扇,到处都是灯,颜值担当!20相供电,实力担纲!",,16546,100002339524,https://img14.360buyimg.com/n7/jfs/t1/16162/5/305/357618/5c08d25bE0c18da42/9bb72b87ae66d9ae.jpg
0,华硕（ASUS）DUAL-GeForce RTX2070-O8G 1410-1740MHZ 14000MHZ 游戏电竞专业显卡 8G 256bit 独立显卡,4599.00,漫威卡通钢铁侠小号摆件车内摆件复仇者联盟3机箱手办漫威动漫模型手办汽车摆件2.5英寸正版漫威新款,full/00d870cfd3120342a589c8ae96291bcd271ff718.jpg,1000000225,0,4999.00,"【赢双重好礼,剑网3专属礼包+钢铁侠手办】全自动化制程技术,超合金供电!镜面直触散热设计!",,8551,100000913463,https://img13.360buyimg.com/n7/jfs/t25132/161/2249410141/312727/6125b07e/5bc6e1cbNf987d7d8.jpg
0,华硕（ASUS）DUAL-RX580-O8G 1360-1380MHz 8GHz 雪豹电竞游戏“吃鸡”显卡,1649.00,,full/0c5b805d20afa5c35bc3870c239ef0342f4caba1.jpg,1000000225,0,1699.00,"【满1000-100,晒单评论返100E卡】全自动制程加超合金供电设计!智能超频!三年质保顺畅游戏之选!",满1000元减100元,8551,5077684,https://img14.360buyimg.com/n7/jfs/t9292/177/361093184/367391/7827febc/59a6854bNd916ae44.jpg
0,七彩虹（Colorful）iGame1050Ti 烈焰战神U-4GD5 GTX1050Ti 1379-1493MHz/7000MHz 4G/128bit GDDR5 游戏显卡,1099.00,,full/065a18e810c934aa8f620044a07f03438faa9abd.jpg,1000000267,0,1099.00,一键超频、IPP供电系统、金属背板游戏无压力,,22215,3473469,https://img14.360buyimg.com/n7/jfs/t7501/258/1599651919/108134/a424597c/599e6699N753cf0c1.jpg
0,索泰（ZOTAC）GeForce GTX1050Ti-4GD5 X-GAMING OC 1354-1468MHz/7008MHz 4G/128bit GDDR5 PCI-E显卡,1169.00,,full/15374d6a5cbd95c0ed680a3652ddeb23aeee8160.jpg,1000002556,0,1169.00,"【游戏独显,优选索泰京东自营GTX吃鸡显卡!】纯铜双热管螺旋刀锋风扇,更静音!白金效能用料,更节能!",,16546,3528459,https://img14.360buyimg.com/n7/jfs/t5734/67/9796817799/177824/b5cca309/598979d4Na9b3b9e8.jpg
0,七彩虹（Colorful）iGame GeForce RTX 2080 Vulcan X OC GDDR6 8G电竞游戏显卡,7499.00,,full/fb81e94f341b902554bc9a6be76310f71af0a258.jpg,1000000267,0,7499.00,自带LCD显示屏实时监控，自定义RGB控制软件编辑你的“灯光语言”，一键超频造就满满DIY个性,,22215,100001515730,https://img10.360buyimg.com/n7/jfs/t27322/219/1829191742/109538/ec0d5e79/5bee5ab1Nc1620a5d.jpg
0,盈通（yeston）RX580 8G D5 游戏高手 1340/8000MHz 8GB/256BIT/GDDR5 显卡2304SP,1549.00,,full/67bd989c675fdf788c446d610ad19094ec5a5a74.jpg,1000005645,0,1549.00,盈通游戏高手，让游戏更精彩，豪华三风扇，呼吸信仰灯效，8+6pin供电，强劲性能，吃鸡利器,满1000元减50元,19949,4905120,https://img10.360buyimg.com/n7/jfs/t28537/251/485277768/136000/42e25a9f/5bf4f6feN69c71d8b.jpg
0,索泰（ZOTAC）GeForce GTX1060-3GD5霹雳版OC 绝地求生/吃鸡显卡 1569-1784/8008MHz 3G/192bit,1449.00,,full/7b0d5f0431f68a30dfac787edd5638957124cde2.jpg,1000002556,0,1449.00,"【游戏独显,优选索泰京东自营GTX吃鸡显卡!】热管双风扇,支持风扇智能启停!白金效能用料,更节能!",,16546,3132229,https://img14.360buyimg.com/n7/jfs/t10054/209/2427371719/294632/c4b4b607/59f69e43N63590d55.jpg
3000,影驰（Galaxy）GeForce RTX 2070 Gamer 1830MHz/14Gbps 8GB/256Bit GD6 PCI-E 游戏显卡,4399.00,,full/6192a8134b8bb3a2fddb24891b1a93869c818b32.jpg,1000000308,400,4399.00,年终庆典，爆款RTX2070Gamer领券下单立减400！(此商品不参加上述活动),,19962,100001169280,https://img10.360buyimg.com/n7/jfs/t27286/203/1330293636/121251/e7de77ef/5bc5b062Nb34fb7ad.jpg
0,华硕（ASUS）ROG STRIX-RXVEGA64-O8G-GAMING 1298-1590MHz 玩家国度猛禽电竞游戏“吃鸡”显卡,3799.00,,full/c097bd901a34a647c8538e66c8eb6ae295e429ee.jpg,1000000225,0,3999.00,"【三年质保，ROG电竞显卡】RGB神光同步!强劲三风扇加镜面直触!13相超合金供电!全自动制程,畅玩高画质游戏!",,8551,5975299,https://img14.360buyimg.com/n7/jfs/t16414/65/330904195/351014/4839d966/5a2e84e0N37d39b2d.jpg
0,技嘉(GIGABYTE)AORUS GTX 1070 GAMING BOX 256bit 8G GDDR5外置显卡扩展坞/笔记本吃鸡利器,4999.00,,full/f373b538d9ed43703a1bc5db5d81bc9242852246.jpg,1000000297,0,4999.00,AORUS高能电竞游戏盒！雷电3超快速度，让超级本也能轻松化身为电竞游戏平台！,,8900,4431715,https://img10.360buyimg.com/n7/jfs/t6001/231/9571264051/246392/5349d173/59952110N35c126fc.jpg
0,技嘉(GIGABYTE)GeForce GTX 1060 G1 GAMING 1594-1809MHzHz/8008MHz 6G/192bit绝地求生/吃鸡显卡,1999.00,,full/727868521c2297749bc35ba82c46685b1f9d1bbc.jpg,1000000297,0,1999.00,"高能电竞卡!G1信仰加成!低功耗,高性能,炫酷外形全金属背板.轻松游戏无压力!",,8900,2983765,https://img10.360buyimg.com/n7/jfs/t5950/233/9574855812/302462/9aabd7aa/599531dcN691e8ff2.jpg
0,盈通 （yeston） RX580-2048SP 8G D5 大地之神吃鸡独立游戏显卡,1249.00,,full/8b0684e8a1d9b9facb9ead998de206764fa28c8d.jpg,1000005645,0,1249.00,吃鸡利器，6+2供电，独立mos散热，四根大号纯铜热管+纯铜底座，运行静音，大容量显存决战未来,满1000元减50元,19949,100001266765,https://img10.360buyimg.com/n7/jfs/t1/3221/35/13586/157664/5bd91441E99b33431/e62496f3f74e975a.jpg
0,七彩虹（Colorful）iGame1050 烈焰战神U-2GD5 GTX1050 1442-1556MHz/7000MHz 2G/128bit GDDR5游戏显卡,899.00,,full/a9b24bcbe5ef816e9f69568689c8535404d3db18.jpg,1000000267,0,899.00,一键超频、IPP供电系统、金属背板游戏无压力,,22215,3975008,https://img13.360buyimg.com/n7/jfs/t7792/11/1673429422/108134/a424597c/599e6744N711e16b6.jpg
0,微星（MSI）GeForce RTX 2080 Ti GAMING X TRIO 1350-1755MHz 352BIT 11GB GDDR6 电竞魔龙 新代显卡,12999.00,,full/4b68f2119e707e969e0948cc9d6d92abff015398.jpg,1000000266,0,12999.00,"【旧卡升级大额补贴,剑网3游戏礼包,年终大抽奖】（28日起2070领券减400）",,17443,8928863,https://img13.360buyimg.com/n7/jfs/t1/3940/38/9193/262702/5bac5172E5c09873b/2a49eb7f3e157882.jpg
3000,微星（MSI）GeForce RTX 2070 ARMOR 8G OC 1410-1740MHz 256BIT GDDR6 装甲师 电竞游戏显卡,4599.00,,full/c805e83c258f3fe9f15fed2748ab50fc8a239228.jpg,1000000266,400,4599.00,"【旧卡升级大额补贴,剑网3游戏礼包,年终大抽奖】（28日起2070领券减400）",,17443,100001057362,https://img12.360buyimg.com/n7/jfs/t27427/302/1056341875/245306/d6265f13/5bc05d5cNddff8c6c.jpg
0,技嘉(GIGABYTE)GeForce RTX 2080Ti GAMING OC 1665-1650MHz 14000MHz 352bit GDDR6 11G 电竞游戏显卡,10499.00,,full/31fa0d46620aa27864670987097441498fee0622.jpg,1000000297,0,10499.00,正逆转气流导向设计!全覆盖散热模组!软磁粉复合式热管强力导热!82mm大尺寸刀刃式风扇!1670W色RGB流光溢彩！,,8900,8734528,https://img13.360buyimg.com/n7/jfs/t28963/181/843575796/207668/5e4e0b6a/5bff9805Na953c0b5.jpg
0,华硕（ASUS）PH-GeForce GTX1050-2G 1354-1455MHz 7008MHz 128bit 凤凰系列小机箱单风独立显卡,949.00,,full/e4cd0230f3a4276e72b44a937860fc404ed5ef75.jpg,1000000225,0,949.00,"【三年质保+办公优选】全自动制程工艺超合金供电!双滚珠轴承风扇,安静散热!",,8551,4058220,https://img10.360buyimg.com/n7/jfs/t8584/344/371335837/324977/a8c20771/59a68dfaN78cf8f7a.jpg
0,丽台（LEADTEK）NVIDIA Quadro P620 / 2GB GDDR5/128-bit/ 80GB/s/CUDA核心512/PCI-E3.0/专业显卡,1599.00,,full/0631e80512fcd23eaf83fcc5fa30786d58549616.jpg,1000000522,0,1599.00,【12.25-29喜迎双旦尊享好礼】满1000-100；3000-200；5000-400（部分商品不参与）详情咨询客服,满1000元减100元，满3000元减200元，满5000元减400元,11440,6959146,https://img11.360buyimg.com/n7/jfs/t1/9162/16/6567/155420/5be168e5Edc4cba88/6fe4b117a38cb2dc.jpg
0,铭瑄（MAXSUN）GTX1060 JetStream 6G 1506-1709/8000MHz/6G/192bit GDDR5 PCI-E 3.0显卡,1799.00,,full/af1a9fff0a63e616803b32251b74e5761bbbe050.jpg,1000094211,0,1799.00,【满1000-100 再送价值630元游戏礼包 领券再减！】,满1000元减100元,13026,3936624,https://img14.360buyimg.com/n7/jfs/t29770/257/72997617/227679/ea727c77/5be6dae5N820aaebb.jpg
0,技嘉(GIGABYTE)GeForce RTX 2080 WINDFORCE 1710MHz 14000MHz 256bit GDDR6 8G 电竞游戏显卡,5699.00,,full/3f6ead4925e3e6fda730afdf36ae5e76d695e7de.jpg,1000000297,0,5699.00,正逆转气流导向设计!全覆盖散热模组!软磁粉复合式热管强力导热!1670W色RGB流光溢彩，带来畅爽游戏体验！,,8900,100001396933,https://img13.360buyimg.com/n7/jfs/t29626/95/823267434/201627/ab00dcd3/5bff98c7N1bc4ce28.jpg
3000,七彩虹（Colorful）iGame GeForce RTX 2070 Vulcan X OC GDDR6 8G电竞游戏显卡,5399.00,,full/ef42e656e29f616a42bba898ad6ad2326b456c39.jpg,1000000267,400,5399.00,自带LCD显示屏实时监控，自定义RGB控制软件编辑你的“灯光语言”，一键超频造就满满DIY个性,,22215,100001057352,https://img12.360buyimg.com/n7/jfs/t1/4628/27/15828/297365/5be15f08E7b2aafd7/4331de0583a35631.jpg
0,索泰（ZOTAC）GeForce RTX2080Ti-11GD6 X-GAMING OC吃鸡显卡/游戏电竞台式机独立显卡1350-1605/14000MHz,8999.00,,full/e55fa3cc44ce5e0807c05566d14b9af1b92d704a.jpg,1000002556,0,8999.00,"【从GTX到RTX,玩转光追,就用索泰游戏显卡!】RGB信仰灯,强化供电,合金骨架,Type-C接口!",,16546,8945575,https://img10.360buyimg.com/n7/jfs/t23380/251/2318777881/286786/78257e8b/5b7b810eN4b407c40.jpg
3000,耕升（GAINWARD）GeForce RTX 2070 炫光 OC,4299.00,,full/e6e8ed9d1e396e13113dc970f35cc85a52ae5ea0.jpg,1000094282,400,4299.00,"岁末狂欢,热销新款RTX2070领券下单立减400！(此商品不参加上述活动)",,344276,100001169304,https://img14.360buyimg.com/n7/jfs/t27301/262/1310540708/89267/57d97529/5bc5b765Nf580817b.jpg
0,铭瑄（MAXSUN）GeForce GT 1030变形金刚2G 64Bit/GDDR5 显卡/ 独显,549.00,,full/69d49489bbe3c25c24f5129f592a5d953d34b5eb.jpg,1000094211,0,549.00,【老机升级优选 下单先领券】,,13026,4211287,https://img12.360buyimg.com/n7/jfs/t18184/204/2323803900/131822/4d875ced/5aef4a0aN4da75b20.jpg
0,映众（Inno3D）GeForce RTX 2080 Ti Gaming OC版 11GB GDDR6 PCI-E吃鸡显卡/游戏电竞台式机独立显卡,9499.00,,full/b43cd431e548dfd7a942816ab814dd4c7f4445bc.jpg,1000005704,0,9499.00,珍稀货源手慢无！三风扇光线追踪旗舰性能巨兽！13+3相壕华供电，RGB LOGO灯+金属背板加持！,,19972,8944347,https://img12.360buyimg.com/n7/jfs/t25771/45/1240427536/255483/cb6e491b/5b8f6be1N8955800d.jpg
0,七彩虹（Colorful）战斧 GTX1060 6G GTX1060 1544-1759/8008MHz 6G/192bit GDDR5游戏显卡,1739.00,,full/7c76d1e9ea06c48dc96fdf74cf4a62d2e6a224a3.jpg,1000000267,0,1739.00,2*9cm强劲风扇、一体式散热器、智能风扇启停，全视频接口，小巧而聚内涵,每满1000元，可减50元现金,22215,5391308,https://img13.360buyimg.com/n7/jfs/t9826/23/54172856/359732/e41f3a3c/59c4ca88N734b0ef9.jpg
0,华硕（ASUS）ROG-STRIX-RX590-8G-GAMING  显卡/AMD游戏显卡,2499.00,,full/162bd6516a32dc59fd945e4945d8034032b6f1c5.jpg,1000000225,0,2499.00,"【满1000-100,晒单评论返100E卡】采用12纳米高端工艺，更高的频率，神光同步灯效，智能超频！",满1000元减100元,8551,100001895320,https://img10.360buyimg.com/n7/jfs/t26161/118/1965296099/384242/a389de54/5bf3da4fNc4c5f7bb.jpg
0,影驰（Galaxy）GeForce GTX 1050 Ti GAMER 1366(1480)MHz/7GHz 4G/128Bit D5 PCI-E吃鸡显卡,1199.00,,full/e2f6172a4d78c44e7ce19ad12458790bf681dfb0.jpg,1000000308,0,1199.00,,,19962,3775089,https://img14.360buyimg.com/n7/jfs/t6853/298/2015492418/152432/c18963bf/5987cc0cN38a0dbf7.jpg
0,华硕（ASUS）DUAL-GeForce RTX2080 TI-A11G 1350-1575MHz 14000MHz 游戏电竞专业显卡 11G 352bit 独立显卡,10999.00,,full/402f8665a0ad46ff2a83eeed941203b23d9ab9c9.jpg,1000000225,0,10999.00,【RW战队，指定显卡】全新超频软件！双风扇+光线追踪，强化金属背板，重塑新视界！,,8551,100001121004,https://img14.360buyimg.com/n7/jfs/t25684/337/2241216793/278556/2a685c07/5bc6e256N71fb5d07.jpg
0,微星（MSI）GeForce RTX 2080 VENTUS 8G 1515-1710MHz 256BIT GDDR6 新代游戏显卡 万图师,5699.00,,full/dc49de688cddfd1eec47f35a0c9bb9e44c06c629.jpg,1000000266,0,5699.00,"【旧卡升级大额补贴,剑网3游戏礼包,年终大抽奖】（28日起2070领券减400）",,17443,100000971960,https://img10.360buyimg.com/n7/jfs/t1/27993/25/953/206144/5c0e1a13E3d856526/ef8a96e5b77389a8.jpg
1000,迪兰（Dataland）DEVIL RX590 8G GDDR5 1545-1576/8000MHz 8GB/256-bit GDDR5 DX12独立游戏显卡,1949.00,,full/405f474d9ede81eb14170c9fd0aff24960648046.jpg,1000005539,50,1949.00,DEVIL级强劲主频设定，12nm新工艺震撼来袭，挑战从芯开始,,6094,100001660610,https://img10.360buyimg.com/n7/jfs/t1/8532/37/4958/370085/5bdbe34eE1aceca1e/a8d98fcc3f5d360f.jpg
0,丽台（LEADTEK）NVIDIA Quadro P1000 4GB GDDR5/128bit/82GBps CUDA核心640 建模渲染绘图专业显卡,2689.00,,full/3e416542a0a39eb63a4d9755856da38e4ba05e46.jpg,1000000522,0,2689.00,【12.25-29喜迎双旦尊享好礼】满1000-100；3000-200；5000-400（部分商品不参与）详情咨询客服,满1000元减100元，满3000元减200元，满5000元减400元,11440,4146683,https://img13.360buyimg.com/n7/jfs/t1/5610/4/16284/121823/5be168c8Ec266f7f4/60ee33195896962c.jpg
0,影驰（Galaxy）GTX 1060 大将 1544(1759)MHz/8GHz 6G/192Bit D5 PCI-E吃鸡显卡,1699.00,,full/32dbcfba362e25a5e9df77e7237171f47b84db39.jpg,1000000308,0,1699.00,,,19962,3267840,https://img10.360buyimg.com/n7/jfs/t22153/126/2242872544/174697/f00bd06c/5b4d7553N843f8fea.jpg
3000,技嘉(GIGABYTE)AORUS GeForce RTX 2070 XTREME 大雕 1815MHz 14140MHz 256bit GDDR6 8G 电竞游戏显卡,5299.00,,full/f51cc98bb0704c31e8f7c61c936dcbe513d47c79.jpg,1000000297,400,5299.00,"【迎双旦3000-400】2070大雕,朝生碧海逆水成寒,电竞“吃鸡”显卡(此商品不参加上述活动)",,8900,100001285750,https://img10.360buyimg.com/n7/jfs/t26188/42/2364655767/226870/f03c18bc/5bff957dN4c704de3.jpg
0,盈通（yeston）RX560D-4G D5大地之神 1200/6000MHz 4G/128bit/GDDR5显卡,709.00,,full/0708033c53f236e5f1f3b961122513964049e101.jpg,1000005645,0,709.00,【畅销性价比之选】4+2相全数字供电设计，具有优越的电器性能和使用寿命，保障显卡稳定运行，畅游主流网游,,19949,5318560,https://img10.360buyimg.com/n7/jfs/t22795/177/531754899/288487/67d474d7/5b348e99Nf9f160b5.jpg
0,技嘉(GIGABYTE)GeForce RTX 2070 GAMING OC WHITE 1740-1725MHz 14000MHz 256bit GDDR6 8G 小白电竞显卡,4599.00,,full/997aedc013a397b57eb14debd198d68978ae5280.jpg,1000000297,0,4599.00,"【迎双旦4000-300】2070OC小白,朝生碧海逆水成寒,电竞“吃鸡”显卡",满4000元减300元,8900,100001526620,https://img10.360buyimg.com/n7/jfs/t28051/232/861290170/182422/a55e224d/5bff9750N4a20b448.jpg
0,七彩虹（Colorful）战斧 GTX1060 3G GTX1060 1544-1759MHz/8008MHz 3G/192bit GDDR5 游戏显卡,1289.00,,full/1ae12358220ead2d0eca4d27e9371c67d815e70b.jpg,1000000267,0,1289.00,2*9cm强劲风扇、一体式散热器、智能风扇启停，全视频接口，小巧而聚内涵,,22215,4835317,https://img12.360buyimg.com/n7/jfs/t9421/142/2128656659/213945/5fa7ba0c/59c4caddN38367c53.jpg
0,技嘉(GIGABYTE)AORUS GeForce GTX 1080Ti 1569-1683MHz/11010MHz 11G/352bit绝地求生/吃鸡显卡,6199.00,,full/18f862e0ef1293854f5fd638aa4319f73b383267.jpg,1000000297,0,6199.00,"AORUS主打显卡!“黄金之心”全金属背板,3*100MM堆栈式风扇散热无忧,炫彩RGB信仰灯!",,8900,4016045,https://img10.360buyimg.com/n7/jfs/t14209/141/2535071387/400695/8d465cf/5aa8c008Nf080311a.jpg
0,华硕（ASUS）TURBO-RTX2080-8G 显卡,5699.00,,full/57b065ee8205b87f141dde2b3719e37838886d16.jpg,1000000225,0,5699.00,"【购即赠剑网3专属礼包】全自动化制程,超合金供电,8MM双滚珠轴承风扇,顶端导风槽,强劲散热!",,8551,100000542235,https://img10.360buyimg.com/n7/jfs/t1/1923/29/7019/308070/5ba490faEbbb1dc30/5a9d6cba4bf389dd.jpg
0,技嘉(GIGABYTE)GeForce RTX 2080Ti WINDFORCE 14000MHz 352bit GDDR6 11G 电竞游戏显卡,8999.00,,full/ff06587ffba462fc0261825f60ba24cfe27fd2bb.jpg,1000000297,0,8999.00,,,8900,100001496433,https://img13.360buyimg.com/n7/jfs/t30004/40/822912201/187707/dc2fe0ae/5bff97bdN3196005d.jpg
0,影驰（Galaxy）GeForce RTX 2080 大将,6099.00,,full/a485db8e071e0e10c84f6aefe3c7a85cc81a1052.jpg,1000000308,0,6099.00,满3000减300，年终庆典下单立享好价！性能比肩1080Ti，畅享游戏无压力！(此商品不参加上述活动),满3000元减300元,19962,8943365,https://img10.360buyimg.com/n7/jfs/t23428/129/2183877355/110242/a9a18a12/5b77e8a3N12dd35f6.jpg
0,技嘉(GIGABYTE)AORUS GeForce RTX 2080Ti 小雕 1695 14000 352bit GDDR6 11G 电竞游戏显卡,12499.00,,full/567a0f19039010d625142eb0e68ec2bef54a0a19.jpg,1000000297,0,12499.00,高能核心，强力散热，1670W色炫彩流光，四年质保，带来非凡游戏体验！,,8900,100001724916,https://img11.360buyimg.com/n7/jfs/t28195/118/849832335/205910/c015cf0f/5bff9614N1d0999ba.jpg
0,技嘉(GIGABYTE)AORUS GeForce RTX 2080Ti XTREME 大雕 1770 14140 352bit GDDR6 11G 电竞游戏显卡,13999.00,,full/d079478ba4cd6f53a56dc7303238d4897621f183.jpg,1000000297,0,13999.00,特挑核心，正逆转散热系统，1670W色炫彩流光，豪华配件，四年质保，引爆游戏激情！,,8900,100001319119,https://img14.360buyimg.com/n7/jfs/t27253/175/2025938952/205910/c015cf0f/5bff9630N057a4801.jpg
0,铭瑄（MAXSUN）MS-GT730变形金刚II2G 64bit/DDR5 PCI-E 显卡/独显,399.00,,full/bc6b29a4a6507432846edc64ab0a578ae2fbc97c.jpg,1000094211,0,399.00,【2G大显存】游戏办公不将就，多屏显示，视野更广。高5000MHzGDDR5显存，全覆盖式优化散热，三年质保，售后无忧！,,13026,7216640,https://img10.360buyimg.com/n7/jfs/t19594/326/2254154617/122719/4fc35ed0/5aef4921N9d53611f.jpg
0,影驰（Galaxy）GeForce RTX 2080 Gamer 1845MHz/14Gbps 8GB/256Bit GD6 PCI-E游戏显卡,6199.00,,full/fa96a5ccb6ed539c662f2566f5b17fe3946f781d.jpg,1000000308,0,6199.00,双旦好礼满3000-300，年终庆典下单立享好价！性能比肩1080Ti，畅享游戏无压力！(此商品不参加上述活动),满3000元减300元,19962,100001169338,https://img13.360buyimg.com/n7/jfs/t24814/160/2198553232/147937/427ef98b/5bc5afd2N1466032c.jpg
1000,迪兰（Dataland）RX VEGA56 8G X-Serial战神 1177-1478/1600MHz 8GB/2048-bit HBM2 DX12独立游戏显卡,2699.00,,full/93a3374faab5684c51e1604bc87396ef12b1327b.jpg,1000005539,50,2699.00,,,6094,7186211,https://img11.360buyimg.com/n7/jfs/t1/2686/9/12678/281597/5bd66e38E902f18f5/4c47cce915de84f7.jpg
0,铭瑄（MAXSUN）GTX1050终结者2G 1354-1455MHz/7000MHz 2G/128bit GDDR5 PCI-E 3.0游戏显卡,869.00,,full/30c4c76ccf22db00631317277f2a60db453b1483.jpg,1000094211,0,869.00,【入门游戏显卡】畅玩魔兽世界/LOL/DOTA2！太极定制LED背板！6800+好评实力口碑！跑分高，帧数稳，三年质保，售后无忧！,满800元减50元,13026,3936622,https://img12.360buyimg.com/n7/jfs/t18613/42/2057074009/144684/676a754e/5ae3e457N74cd18a1.jpg
0,微星（MSI）GeForce GTX 1050 飙风 2G 1404-1518MHZ 128BIT GDDR5 PCI-E 3.0电竞游戏显卡,899.00,,full/3249ab8b7f7ce1d96dd650e30aeffb2136c24c1f.jpg,1000000266,0,899.00,"【旧卡升级大额补贴,剑网3游戏礼包,年终大抽奖】（28日起2070领券减400）",,17443,3757977,https://img12.360buyimg.com/n7/jfs/t8887/307/301084456/453174/cf0f6147/59a52f39Nb312d92d.jpg
0,铭瑄（MAXSUN）GeForce GT 710重锤PLUS 2G 64bit/D3 PCI-E 显卡/独显,299.00,,full/486e0fc6814a21199d5105f8443b9af0efd959b5.jpg,1000094211,0,299.00,【办公娱乐优选 下单先领券】,,13026,2402683,https://img13.360buyimg.com/n7/jfs/t17380/359/2101691385/153699/5c7759c7/5ae3e4d3N2626cb64.jpg
0,盈通（yeston）RX550-4G D5大地之神,579.00,,full/70bd5e172b48c33219fe2010194ed4ee7ba8da38.jpg,1000005645,0,579.00,盈通爆款显卡，9cm+9cm大尺寸滚珠静音风扇，大卡设计，带6pin电源口，128bit性能更优，DP+HDMI+DVI全接口,,19949,6677009,https://img14.360buyimg.com/n7/jfs/t27484/195/166788452/288487/67d474d7/5b87b232N353d1253.jpg
0,七彩虹（Colorful）战斧 GTX1050 2G V2 GTX1050 1430-1544MHz/7000MHz 2G/128bit GDDR5 游戏显卡,899.00,,full/f4cf1eb26c356c8ebd4b597dd5072a60195515ad.jpg,1000000267,0,899.00,,,22215,4835327,https://img12.360buyimg.com/n7/jfs/t10705/284/61318400/215082/6531aeef/59c4cb85Na353144f.jpg
0,技嘉(GIGABYTE)AORUS GeForce RTX 2080 小雕 1845MHz 14000MHz 256bit GDDR6 8G 电竞游戏显卡,7699.00,,full/7e735471adf15580ec823b4b50341f280d8ea005.jpg,1000000297,0,7699.00,"【迎双旦7000-500】2080小雕,朝生碧海,逆水成寒,电竞“吃鸡”显卡",满7000元减500元,8900,100000767679,https://img14.360buyimg.com/n7/jfs/t27043/2/2391597304/217531/c7d1311c/5bff966eN1af6dbdc.jpg
0,丽台（LEADTEK）NVIDIA Quadro P400 2GB GDDR5/64bit/32GBps/CUDA核心256  支持5K 绘图专业显卡,999.00,,full/b76dd7247eb8881c8f200e8dec72c802de48deda.jpg,1000000522,0,999.00,【12.25-29喜迎双旦尊享好礼】满1000-100；3000-200；5000-400（部分商品不参与）详情咨询客服,满1000元减100元，满3000元减200元，满5000元减400元,11440,4991744,https://img14.360buyimg.com/n7/jfs/t1/4976/14/16248/89029/5be16616Eeebded44/fa38be63c01fac18.jpg
0,丽台（LEADTEK）NVIDIA Quadro P600 2GB GDDR5/128bit/64GBps/CUDA核心384/支持5K 绘图专业显卡,1499.00,,full/022caa97548bb6a3806edd7e76b7bb48ec65bfd5.jpg,1000000522,0,1499.00,【12.25-29喜迎双旦尊享好礼】满1000-100；3000-200；5000-400（部分商品不参与）详情咨询客服,满1000元减100元，满3000元减200元，满5000元减400元,11440,4991758,https://img13.360buyimg.com/n7/jfs/t1/10894/23/2521/91926/5be16747E4a112105/c38f02b583b843ea.jpg
0,铭瑄（MAXSUN）GeForce GTX1060终结者3G 1506-1708/8000MHz/3G/192bit GDDR5 游戏显卡,1349.00,,full/6536cc845babeec3d745b6d6fdc514b3f4bb725a.jpg,1000094211,0,1349.00,【满800-50 再送价值630元游戏礼包 领券再减】,满800元减50元,13026,3562342,https://img12.360buyimg.com/n7/jfs/t27532/310/166667928/179483/e805bb5/5b87ba9bN423a25c6.jpg
0,微星（MSI）GeForce RTX 2080 Ti 11G DUKE 暗黑龙爵 1350-1665MHz 352BIT GDDR6 电竞黑龙 新代显卡,10499.00,,full/664f40f2b18474481f9b1d0a80f326717ea85ce3.jpg,1000000266,0,10499.00,"【旧卡升级大额补贴,剑网3游戏礼包,年终大抽奖】（28日起2070领券减400）",,17443,8718018,https://img13.360buyimg.com/n7/jfs/t1/2305/33/8536/226733/5ba9e27dEaf6eafaf/261123cc133a239a.jpg
0,华擎（ASRock）RX580 8G OC 幻影电竞 阿波罗Phantom Gaming D 1370-1424 MHz / 8000 MHz GDDR5 吃鸡显卡,1519.00,华擎（ASRock）A320M-HDV主板(AMD A320/AM4 Socket),full/b69e5fdefd911244d566fd454473e6951d945e20.jpg,1000000509,0,1519.00,"三年质保，核心频率1280 MHz,8G大显存,超频,预设,静音模式任选!",,216081,8413428,https://img13.360buyimg.com/n7/jfs/t1/21951/9/2266/202050/5c1af617E927924dd/df432157f93e1278.jpg
0,华硕（ASUS ）EX-RX580 2048SP-4G 显卡/AMD游戏显卡,1299.00,,full/e6733ad224467a524b57a9311b712bfc76218957.jpg,1000000225,0,1299.00,"【满1000-100,晒单评论返100E卡】全自动工艺制程三年质保，双滚珠静音风扇，上佳散热体验！",满1000元减100元,8551,100001895376,https://img11.360buyimg.com/n7/jfs/t28837/38/103023780/351070/6f4c489e/5be7e21cN9713ec86.jpg
0,索泰（ZOTAC）GTX1050雷霆PB吃鸡显卡/游戏电竞台式机独立显卡 2GD5/1354-1455/7008MHz,879.00,,full/636762ba79eaffa5e84b5d681f5bd94d2ed28c3d.jpg,1000002556,0,899.00,"【游戏独显,优选索泰京东自营GTX吃鸡显卡!】高性能低功耗!办公主机秒变游戏PC!满载功耗仅75W,迷你身材!",,16546,7404018,https://img13.360buyimg.com/n7/jfs/t19396/232/2555243766/277510/3bf27cde/5afbaeb4Ndf5f0672.jpg
0,索泰（ZOTAC）GeForce RTX2080-8GD6 AI台式机独立生产力显卡1515-1710/14000MHz,5999.00,,full/595f41c814aeac519b6c09b0eb900199c85a9199.jpg,1000002556,0,5999.00,"【智创AI,设计师的生产力工具】标准双槽涡轮风扇,适合多卡协同运算的生产力显卡!",,16546,8945587,https://img12.360buyimg.com/n7/jfs/t23149/142/2308215517/281228/d175be99/5b7bbd40Nf0de16aa.jpg
0,影驰（Galaxy）GTX 1060 GAMER 1556(1771)MHz/8GHz 3G/192Bit D5 PCI-E吃鸡显卡,1439.00,,full/b1fdc1a0088d744b6839ba56b67287967232e112.jpg,1000000308,0,1439.00,,,19962,3557556,https://img11.360buyimg.com/n7/jfs/t20536/110/2256842967/244716/70e8c5e6/5b4d753eN9fdda0bc.jpg
0,昂达（ONDA）GTX1050Ti神盾4GD5 1291-1392MHz/7000MHz 4G/128bit GDDR5 PCI-E 3.0游戏显卡,999.00,,full/52c13d258079886171eaa931f77a752ce8cfeffd.jpg,1000000382,0,999.00,拒绝矿卡！只选正品，4G大显存、流畅玩守望，吃鸡无难度，768个流处理器、双8CM大口径双风扇，更静更凉爽！3年质保，品质无忧！,,3582,5240825,https://img10.360buyimg.com/n7/jfs/t17725/287/2353916238/300609/92adf997/5af2741eN05689403.jpg
0,铭瑄（MAXSUN）RX580 巨无霸 8G 1340MHz/8000MHz/GDDR5/256bit 吃鸡显卡/游戏显卡,1529.00,,full/a591dc533fcf9d9783bf90ed949f5e0a73b85d96.jpg,1000094211,0,1529.00,【满800-50 低至1479！领券再减！】,满800元减50元,13026,7340907,https://img12.360buyimg.com/n7/jfs/t19894/136/44089295/162198/402b5bbc/5ae292d9N96e345b0.jpg
0,技嘉(GIGABYTE)GeForce RTX 2080 GAMING OC WHITE 1830-1815MHz 14000MHz 256bit GDDR6 8G 小白游戏显卡,6599.00,,full/ab80fcddeaea47a5d9bb7baddffb1de5d8ab44f3.jpg,1000000297,0,6599.00,"【迎双旦4000-300】2080小白,朝生碧海,逆水成寒,电竞“吃鸡”显卡",满4000元减300元,8900,100001526662,https://img12.360buyimg.com/n7/jfs/t28903/253/526460658/210627/6d072036/5bff98f4Nf49c3c7c.jpg
0,铭瑄（MAXSUN）MS-R5 230重锤II 625MHz/1066MHz 64bit/DDR3 AMD显卡,189.00,,full/15c0aa318fc9e7cacc09d347389d967884f79a1c.jpg,1000094211,0,189.00,【老机升级优选 下单先领券】,,13026,100000065624,https://img14.360buyimg.com/n7/jfs/t22951/337/2560340096/298104/48912a5a/5b875da4Nc22d5f1c.jpg
0,华硕（ASUS）XG STATION PRO 通用外置显卡盒 全金属独立显卡坞 笔记本外接 雷电3接口 电竞游戏发烧,2999.00,,full/48b8e619b1340a3c054046c6ee5c625b00d6a0ca.jpg,1000000225,0,2999.00,笔记本秒变吃鸡利器，适配华硕全系列显卡(除海神)，35℃智能温控，全金属机身，双风扇酷冷防尘！,,8551,6529150,https://img10.360buyimg.com/n7/jfs/t17068/57/1572869810/209185/a4835c80/5ad0464eN694d5956.jpg
0,映众 GeForce GTX1060黑金至尊版 1506~1708/8000MHz 6GB/192Bit GDDR5 PCI-E 吃鸡显卡,1799.00,,full/b172918219b96718cc25380e4e30072d0f0c27a1.jpg,1000005704,0,1799.00,1080P高能电竞卡，吃鸡高特效过60帧！双9cm大风扇更大风量！性能赶超980！你还要什么970？！,,19972,3132205,https://img10.360buyimg.com/n7/jfs/t20698/196/2443630379/91637/293cea7c/5b56c4a1N02c6df79.jpg
0,耕升（GAINWARD）GeForce GTX1050Ti 追风 V3 1290MHz/1392MHz/7008MHz 4G/128bit GDDR5 吃鸡显卡,1029.00,,full/252d8efee2ce37ecc0dc8ce3fd9024e5439c15ad.jpg,1000094282,0,1099.00,,,344276,4606163,https://img13.360buyimg.com/n7/jfs/t18193/365/2333046226/155631/1c0ceca8/5af2afffNcdbe3382.jpg
0,盈通（yeston）RX580 8G D5 大地之神 游戏独立显卡 2304SP,1449.00,,full/bdf4e11fdb887ffe9b98c9c38fe90c37ff0c033a.jpg,1000005645,0,1449.00,轻松吃鸡！畅玩《孤岛惊魂5》，合金背板，强劲散热，8G大显存，高清画质，劲爽游戏体验！,满1000元减50元,19949,100001285772,https://img12.360buyimg.com/n7/jfs/t25861/46/2444015624/263087/7c9513a9/5bf4f4faNf204ffb6.jpg
0,盈通（yeston）GTX1050Ti-4G D5大地之神 1291-1392MHz/7008MHz 4GB/128Bit/GDDR5显卡,979.00,,full/e028b75faa09d56e908079e270b6c7dfa2539829.jpg,1000005645,0,979.00,滚珠双风扇散热更好噪音更低，鲁大师9W2，畅玩各大热门游戏,,19949,4194678,https://img13.360buyimg.com/n7/jfs/t24760/104/752046258/393504/b8088405/5b7a75e9Nfcc0edcc.jpg
0,昂达（ONDA）GTX1050Ti典范4GD5 1291-1392MHz/7000MHz 4G/128bit GDDR5 PCI-E 3.0游戏显卡,949.00,,full/51e98f9ae0c54d046b89ae5ef8fb345b8bc876d5.jpg,1000000382,0,949.00,4G大显存、流畅玩守望，768个流处理器、公版散热，全固态做工，更静更凉爽！2年质保，品质无忧！,,3582,4643730,https://img10.360buyimg.com/n7/jfs/t4891/338/2384113728/148081/a7193f/58feb362N8fea4596.jpg
0,华硕（ASUS）TURBO-GeForce RTX 2080 TI-11G 1350-1560MHz 14000MHz 游戏电竞专业显卡 11G 352bit 独立显卡,12499.00,,full/a76c66bebd0b9f21d8c9561a0604ab62bc988a51.jpg,1000000225,0,12499.00,"【新品发布，货源稀缺】8mm双滚珠轴承风扇，顶端风槽设计,散热更强！超合金供电，智能超频，持久稳定！",,8551,8963555,https://img10.360buyimg.com/n7/jfs/t24697/103/727606727/164611/7a589218/5b7ab863N103b7eaa.jpg
0,耕升（GAINWARD）GeForce GTX1070Ti 追风版 1607MHz/1683MHz/8008MHz 8GB GDDR5 吃鸡显卡,3399.00,,full/3d657d45f9fb4e04aeb683484c4ac0b54e503049.jpg,1000094282,0,3399.00,,,344276,5560653,https://img13.360buyimg.com/n7/jfs/t19405/320/2432662989/169384/ec91bdc0/5af2ad16Ncaed7de3.jpg
0,索泰（ZOTAC）GeForce GTX1080Ti至尊PLUS OC吃鸡显卡/游戏电竞台式机独立显卡 11GD5X/1544-1657/11010MHz,5999.00,,full/28d9fb9cd4fe587d24cbcb86da2d3815e6843d2b.jpg,1000002556,0,5999.00,"【游戏独显,优选索泰京东自营GTX吃鸡显卡!】律动信仰灯!5风扇立体散热游戏更稳定!",,16546,5056201,https://img11.360buyimg.com/n7/jfs/t7228/340/2848421858/195193/38dfaae8/59b63d18N1107ff23.jpg
0,昂达（ONDA）GT73K典范2GD5 902/5000MHz 2G/64bit显卡,389.00,,full/0f5b6611d731563b906dbbbe684204dad5b5baf0.jpg,1000000382,0,399.00,2GD5大显存，1080P流畅LOL、大口径散热，全接口，三屏输出，纯公版打造，流畅运行LOL，2年质保！,,3582,1311205,https://img10.360buyimg.com/n7/jfs/t18217/3/2329898945/384679/67ff9974/5af272b5N0cd78e34.jpg
0,华擎 (ASRock) RX580 8G OC 幻影电竞 雅典娜  Phantom Gaming X 1380-1435 MHz/8000 MHz GDDR5 吃鸡显卡,1599.00,华擎（ASRock）A320M-HDV主板(AMD A320/AM4 Socket),full/8404641d96c30386449edb904823236ddc9434ab.jpg,1000000509,0,1599.00,流畅吃鸡，尽在华擎！核心频率1380 MHz，8G大显存，超频、预设、静音模式任意选!,,216081,8625863,https://img13.360buyimg.com/n7/jfs/t1/24772/7/2153/196440/5c19ef56Eea6925e2/8cf90108b6a07485.jpg
0,映众 GeForce GTX1050 Ti黑金至尊版 1290~1392/7000MHz 4GB/128Bit GDDR5 PCI-E 显卡,1149.00,,full/182deb59a62d688c9978af066de817171f458d62.jpg,1000005704,0,1149.00,畅玩《堡垒之夜》！MOBA MMORPG游戏快人一步！双风扇散热更低温，公版方案游戏更稳定！,,19972,3479731,https://img11.360buyimg.com/n7/jfs/t7633/160/3008307138/306350/8ebe1b8c/59b8ae54N5f294540.jpg
0,映众（Inno3D）GeForce RTX 2080黑金至尊OC版 8GB GDDR6  PCI-E吃鸡显卡/游戏电竞台式机独立显卡,5799.00,,full/29ac641a07cc26d5db1cacb5912bc5fc904c7343.jpg,1000005704,0,5799.00,冰鳞真空腔均热板散热更胜传统热管！92mm大尺寸高效双风扇！1670W色RGB流光信仰灯加持！,,19972,100000105332,https://img12.360buyimg.com/n7/jfs/t27631/44/354210234/239852/c4f8879b/5b8f6e53Nbae9bbe0.jpg
0,铭瑄（MAXSUN）MS-GT710重锤II2G 954MHz/1600MHz 2GB/64bit/DDR3入门显卡,279.00,,full/a9f0ab8d6415a3af4d853eaca4fcc6c63052c5e3.jpg,1000094211,0,279.00,【办公娱乐优选 下单先领券】,,13026,100000343246,https://img11.360buyimg.com/n7/jfs/t1/2382/6/3714/170498/5b9a0759E51242d5f/59272c45bda7d711.jpg
0,技嘉(GIGABYTE)GeForce RTX 2070 GAMING 1620 14000MHz 256bit GDDR6 8G 电竞游戏显卡,3999.00,,full/3c29950d6657b95d53e96497e540e22225b9ba4a.jpg,1000000297,0,3999.00,,,8900,100001396947,https://img12.360buyimg.com/n7/jfs/t29581/340/856099353/203115/5f7d5b29/5bff9775N74797588.jpg
0,盈通（yeston）GTX1050 2G D5极速版 1354-1455MHz/7008MHz 2GB/128Bit/GDDR5显卡,749.00,,full/a12158eb4b48af99c59a20fa65194fc9aa0129f2.jpg,1000005645,0,749.00,主流网游一网打尽，9cm风扇强散热,,19949,4757874,https://img14.360buyimg.com/n7/jfs/t23482/292/542778798/213450/70aa16ae/5b348e52N54012457.jpg
0,微星（MSI）GeForce RTX 2080 VENTUS 8G OC 1515-1800MHz 256BIT GDDR6 新代游戏显卡 万图师,6498.00,,full/801d884083860a5250884db9d313e36e3c5f449e.jpg,1000000266,0,6498.00,"【旧卡升级大额补贴,剑网3游戏礼包,年终大抽奖】（28日起2070领券减400）",,17443,8797502,https://img12.360buyimg.com/n7/jfs/t1/5113/8/9218/218813/5bac4d9eEc987923e/92b44e3823dff801.jpg
0,耕升（GAINWARD）GeForce RTX 2080 G魂 OC,6099.00,,full/511bc715db2c9558248ef2ee8e7ba2fac51aa50e.jpg,1000094282,0,6299.00,满3000-300，年终庆典下单立享好价！高阶2080G魂OC一切只为性能！(此商品不参加上述活动),满3000元减300元,344276,8749596,https://img11.360buyimg.com/n7/jfs/t25558/234/722115000/236225/743b9292/5b7933a1N926c7f71.jpg
0,昂达（ONDA）GTX1050典范2GD5 1354-1455MHz/7000MHz 2G/128bit GDDR5 PCI-E 3.0游戏显卡,779.00,,full/90dbecb47db263402d202210d11bb389379e50d9.jpg,1000000382,0,799.00,15厘米短版、性能小钢炮、小机箱福音、640个流处理器、流畅“吃鸡”、公版做工、全固态做工、更静更凉爽！,,3582,4643762,https://img12.360buyimg.com/n7/jfs/t23521/4/1042671292/376948/8e115ea9/5b4ea4a5N4915e31f.jpg
0,耕升（GAINWARD）GeForce RTX 2080 炫光 OC,5999.00,,full/77d6fd59138aa8a4ff9d4785475e913bd356110c.jpg,1000094282,0,6299.00,满3000-300，下单立享好价！年终狂欢庆典好价大放送！(此商品不参加上述活动),满3000元减300元,344276,8945589,https://img14.360buyimg.com/n7/jfs/t22675/324/2214204655/166312/ae83261e/5b7934a2Ne2bd3fbf.jpg
0,映众（Inno3D）GeForce RTX 2080 Gaming OC版 8GB GDDR6 PCI-E吃鸡显卡/游戏电竞台式机独立显卡,5999.00,,full/fc7da23d3487864378bbe80a31aca8794127195b.jpg,1000005704,0,5999.00,高性价比三风扇副旗舰电竞壕选！8+2相公版稳定保障！RGB LOGO灯+金属背板个性加持！,,19972,8733320,https://img10.360buyimg.com/n7/jfs/t1/1153/24/120/255483/5b8f6bc8E60852b4f/513a38324b48616b.jpg
0,技嘉(GIGABYTE)GeForce GTX 1070 IXOC 1531-1721MHz/8008MHz 8G/256bit小机箱绝地求生/吃鸡显卡,3299.00,,full/a431364bd5e58251817d0d9413790c7be622c89f.jpg,1000000297,0,3299.00,"【迎双旦3000-200】1070IXOC,朝生碧海逆水成寒,电竞“吃鸡”显卡",满3000元减200元,8900,3131802,https://img12.360buyimg.com/n7/jfs/t12460/23/2656439347/482522/e00ac410/5aa8cc34N617decaa.jpg
0,盈通（yeston）RX570 8G D5 大地之神,1149.00,,full/0917fb14e975ee3181f81c70acc8d1aa30636366.jpg,1000005645,0,1149.00,6+2供电，独立mos散热，四根大号纯铜热管+纯铜底座，运行静音，大容量显存决战未来。,,19949,100000238753,https://img13.360buyimg.com/n7/jfs/t26362/20/191200972/157664/f3f7494c/5b88fc9bNa277392d.jpg
0,盈通（yeston）GT1030 2G D5极速版 1228~1468MHz/6008MHz 2GB/64BIT/GDDR5 显卡,479.00,,full/9317b25337be4d89701c72b914ec43576c99c2e4.jpg,1000005645,0,479.00,低功耗高性能 老机器满血复活优选,,19949,4364827,https://img12.360buyimg.com/n7/jfs/t22096/324/1515306761/478668/cfde37db/5b348dd9Nb3864224.jpg
0,映众 GeForce GTX1050黑金至尊版 1354~1455/7000MHz 2GB/128Bit GDDR5 PCI-E显卡,869.00,,full/af644fe03bb6d30efcd88c4047b0d2f348e89840.jpg,1000005704,0,869.00,畅玩CS:GO！MOBA MMORPG游戏快人一步！双风扇散热更低温！千元内平民超跑！,,19972,3910928,https://img13.360buyimg.com/n7/jfs/t8800/365/1364700311/306434/9642b3b8/59b8afb0N8cbebea1.jpg
0,华硕（ASUS）ROG STRIX-GeForce GTX1070-O8G-GAMING 1657-1860MHz 8008MHz GDDR5 猛禽电竞游戏“吃鸡”显卡,3699.00,,full/f9323e6401ec1b6f8b6684d38e8f1bcfed9d4ddd.jpg,1000000225,0,3699.00,"【猛禽电竞，神光同步】7相超合金供电!热管直触三风扇,智能安静散热!RGB神光同步，体验自定义游戏世界!",,8551,3237242,https://img12.360buyimg.com/n7/jfs/t9133/191/1541278012/349226/2924fd6a/59bb33d2N49426b88.jpg
0,七彩虹（Colorful）iGame1050 烈焰战神S-3GD5 GTX1050 1468-1607MHz/7000MHz 3G/96bit GDDR5 显卡,899.00,,full/21e32621f97efeb309156b852ddc5e6533d32874.jpg,1000000267,0,899.00,3G大显卡，2*9cm强劲散热，IPP供电，RGB信仰加持,,22215,8025702,https://img12.360buyimg.com/n7/jfs/t21880/267/2476942493/243464/11fa816c/5b582a60N9d18ae25.jpg
0,昂达（ONDA）GT710典范2GD3静音版 954/1000MHz 2G DDR3 PCI-E 2.0显卡,299.00,,full/abb893c764754923afdf4aedb4b62056faff6369.jpg,1000000382,0,299.00,2G大显存、192个流处理器、19W低功耗，体验主流游戏魅力，HDMI高清输出，2年质保，品质无忧！,,3582,3501854,https://img14.360buyimg.com/n7/jfs/t20725/252/82315886/239084/80030196/5afa8ab8N251a4ded.jpg
0,盈通 （yeston）GT710 1G D3 战神版 954/1600MHz 1G/64bit/GDDR3显卡,199.00,,full/ab915ae73f38401fd42d4a561739eedc3e392db6.jpg,1000005645,0,199.00,日常办公的得力助手，看股票，看电影轻松搞定,,19949,7591633,https://img13.360buyimg.com/n7/jfs/t20311/22/1742289093/379467/c5b5c720/5b348ef6N25be8ee4.jpg
0,华擎（ASRock）RX580 2048SP? 8G  幻影电竞 阿波罗 1284-1335 MHz / 7000 MHz GDDR5 吃鸡显卡,1499.00,,full/585f07a212b824dfdcfe312c58ea55519cf81ba0.jpg,1000000509,0,1499.00,"【满1000减100,晒单送100元E卡】三年质保,流畅吃鸡,幻影电竞!核心频率1284MHz,8G显存,双风扇!(此商品不参加上述活动)",满1000元减100元,216081,100001274925,https://img10.360buyimg.com/n7/jfs/t1/21267/8/2113/222483/5c19ef00E71df13ff/506ff51c0664ecaf.jpg
0,铭瑄（MAXSUN）MS-GT710重锤II 954MHz/1600MHz 1GB/64bit DDR3 入门显卡,229.00,,full/3ee6e8b2fd8432ff738804555197ba329049878a.jpg,1000094211,0,229.00,【老机升级优选 下单先领券】,,13026,100000397795,https://img10.360buyimg.com/n7/jfs/t1/3463/1/3668/170498/5b9a070cE9fab7bf3/2cb7039b4330f86e.jpg
0,影驰（Galaxy）GeForce GTX 1050 GAMER 1430(1544)MHz/7GHz 2G/128Bit D5 PCI-E吃鸡显卡,949.00,,full/6c80a16df76bfe2222287dcbffb7ddc1bd938f64.jpg,1000000308,0,949.00,,,19962,4245814,https://img14.360buyimg.com/n7/jfs/t20617/218/2236102821/295982/39b9f522/5b4d75a0N273be86a.jpg
0,EVGA GTX1070 8G SC ACX 3.0 White LED 1594-1784MHz / 8008 MHz 电脑吃鸡游戏独立显卡,2499.00,,full/8d21e7879a56a8fd12449ec3f18244b668cf631e.jpg,1000080223,0,2499.00,,,40012,3251620,https://img10.360buyimg.com/n7/jfs/t2971/154/1592856150/173460/4a77fe/57883e41Na1dd35d0.jpg
0,技嘉(GIGABYTE)GeForce RTX 2080Ti WINDFORCE OC 1635-1620MHz 14000MHz 352bit GDDR6 11G 电竞游戏显卡,9999.00,,full/5732a69e5967a85fcda94aa34f998c509378e9d9.jpg,1000000297,0,9999.00,正逆转气流导向设计!全覆盖散热模组!软磁粉复合式热管强力导热!1670W色RGB流光溢彩！,,8900,8734542,https://img12.360buyimg.com/n7/jfs/t29584/213/821957284/187707/dc2fe0ae/5bff9844N9d08d347.jpg
0,昂达（ONDA）GTX1050神盾2GD5 1354-1455MHz/7000MHz 2G/128bit GDDR5 PCI-E 3.0游戏显卡,799.00,,full/998db9471383641940cd52718d03be7080ae8930.jpg,1000000382,0,799.00,2G显存，守望玩家战场优选，1080P流畅通关！一字型双大深V黄金风扇、安静玩游戏、3年质保，品质无忧！,,3582,4062698,https://img13.360buyimg.com/n7/jfs/t18040/121/2395340473/342401/49dda480/5af27495Nd0d8bf27.jpg
0,铭瑄（MAXSUN）GTX1050Ti JetStream 4G 1366-1480MHz/7000MHz/128bit/GDDR5 独立游戏显卡,1099.00,,full/d27a8fed832f0be783cd31e16491fca446210385.jpg,1000094211,0,1099.00,【满800-50 低至1049！领券再减！】,满800元减50元,13026,4257384,https://img14.360buyimg.com/n7/jfs/t30001/183/72707169/218291/beb2d79/5be6db75N5f2a97c0.jpg
0,技嘉(GIGABYTE)GeForce RTX 2080 WINDFORCE OC  14000MHz 256bit GDDR6 8G 电竞游戏显卡,6299.00,,full/a13df5fd7a52757aa31a1e8292721bca02f73565.jpg,1000000297,0,6299.00,"【迎双旦4000-300】2080WFOC,朝生碧海逆水成寒,电竞“吃鸡”显卡",满4000元减300元,8900,8734538,https://img13.360buyimg.com/n7/jfs/t27733/183/2339050922/201627/ab00dcd3/5bff9880N8156c378.jpg
0,铭瑄（MAXSUN）MS-RX560D终结者4G 1176MHz/6000MHz/128Bit/GDDR5/电竞游戏显卡/AMD显卡/A卡,799.00,,full/1f3b66c8120ced98ff6f76e3a9047166a33d9b78.jpg,1000094211,0,799.00,【轻松畅玩热门网络游戏 下单先领券】,,13026,4886805,https://img10.360buyimg.com/n7/jfs/t17803/334/2391244364/140709/37b01e59/5af14ac0N2b2d2541.jpg
0,铭瑄（MAXSUN）GeForce GTX 1050Ti巨无霸4G 128bit/GDDR5 主流电竞游戏显卡/ 独显,1049.00,,full/99d134678a710c479d4da5ddff7c7a39640543bc.jpg,1000094211,0,1049.00,【满800-50 低至999！领券再减！】,满800元减50元,13026,4365396,https://img11.360buyimg.com/n7/jfs/t25099/360/376564280/153880/a48869cf/5b6d502eN61a7ba9c.jpg
0,铭瑄 MAXSUN GTX1050巨无霸2G 1354-1455MHz/7000MHz 2G/128bit GDDR5 PCI-E 3.0游戏显卡,849.00,,full/747dafa6e4aacc8f4099da2660ea618ec35d779a.jpg,1000094211,0,849.00,【满800-50 低至799！领券再减！】,满800元减50元,13026,4365392,https://img12.360buyimg.com/n7/jfs/t23068/326/1919342541/159960/fc40284f/5b6d5229Ndba436f1.jpg
0,技嘉(GIGABYTE)GeForce GTX 1050 WF2OC 1392-1506MHz/7008MHz 2G/128bit游戏显卡,999.00,,full/33bd1fba3fd91570fc6014538d8bc26f8649ac2a.jpg,1000000297,0,999.00,进阶版风之力2X散热系统/5枚显示接口兼容无忧/技嘉高品质显卡助你轻松游戏！,,8900,4033220,https://img10.360buyimg.com/n7/jfs/t14224/212/2512184674/435989/3066489e/5aaa11e4Nf97218c8.jpg
0,耕升（GAINWARD）GeForce GTX1060 追风 1518MHz/1733MHz/8008MHz 6G/192bit GDDR5 吃鸡显卡,1899.00,,full/e3fd3dac7f844c3fcfddbe36c9eb824e3439b4d3.jpg,1000094282,0,1899.00,,,344276,3047085,https://img10.360buyimg.com/n7/jfs/t19156/308/2414611415/157678/20bba190/5af2ae65N3b1ec161.jpg
0,盈通（yeston）R5 230 1G D3战神版 625/800MHz 1GB/64BIT/GDDR3 显卡,209.00,,full/1b5096f0de77abb339bde4ed7de7800eb7326047.jpg,1000005645,0,209.00,家庭办公，入门网络游戏 ， 炒股优选，乐享高清视觉体验,,19949,4387807,https://img12.360buyimg.com/n7/jfs/t23386/11/543138902/273163/c0d63d73/5b348e07N944bd07c.jpg
0,华擎（ASRock）RX570 4G 幻影电竞 阿瑞斯 Phantom Gaming D 1244-1293 MHz/7000 MHz GDDR5 吃鸡显卡,1199.00,,full/ca803c36088c10111ac1ca956ff4dca920627bfe.jpg,1000000509,0,1199.00,"【满1000减100】三年质保,流畅吃鸡,尽在华擎!长寿双滚珠双风扇,超频、预设、静音模式任意选!",满1000元减100元,216081,8625905,https://img10.360buyimg.com/n7/jfs/t23128/54/2149509240/193205/c341f974/5b753b5eN78262d5c.jpg
0,索泰（ZOTAC）GeForce GTX1070Ti至尊PLUS 吃鸡显卡/游戏电竞台式机独立显卡 8GD5/1607-1683/8008MHz,3399.00,,full/40b50fb03a85541b91a232260caf15c386025e4e.jpg,1000002556,0,3399.00,"【游戏独显,优选索泰京东自营GTX吃鸡显卡!】一键超频释放显卡潜能!4风扇散热!酷炫信仰灯!",,16546,5536557,https://img12.360buyimg.com/n7/jfs/t11614/23/696544110/311837/b3ca57c0/59f69d5fN40fee0a4.jpg
0,技嘉(GIGABYTE)GeForce RTX 2080 TURBO OC 1785MHz 14000MHz 256bit GDDR6 8G 电竞游戏显卡,6999.00,,full/54156963b2622b195b859755f89e002494f85d1f.jpg,1000000297,0,6999.00,"【迎双旦4000-300】2080OC,朝生碧海逆水成寒,电竞“吃鸡”显卡",满4000元减300元,8900,100001527502,https://img12.360buyimg.com/n7/jfs/t1/4235/15/13335/50872/5bd7c490Ef10c6926/4b6668832a067f24.jpg
0,铭瑄（MAXSUN）GeForce GT 710重锤PLUS 64bit/D3 PCI-E 显卡/独显,259.00,,full/ed946174e7618e8c5692ebcdf95ee5375320f9a9.jpg,1000094211,0,259.00,【入门独立显卡 下单先领券】,,13026,2402681,https://img11.360buyimg.com/n7/jfs/t20080/219/75685547/153699/5c7759c7/5ae3e522N129e891c.jpg
0,耕升（GAINWARD）GeForce GTX1060 烈风 1544MHz/1759MHz/8008MHz 6G/192bit GDDR5 吃鸡显卡,1799.00,,full/054a7bd109689bae04bf41f41f466b57e0cfce16.jpg,1000094282,0,1799.00,,,344276,3297190,https://img10.360buyimg.com/n7/jfs/t18643/316/2306331570/175125/48a3ba35/5af2ae3dNb0fba4ed.jpg
0,迪兰（Dataland）RX 550 超能 4G 1183/7000MHz 4GB/128-bit GDDR5 DX12独立游戏显卡,699.00,,full/d45fe788c2e00b4060a7d30916828e33ec02c5c9.jpg,1000005539,0,699.00,4G大显存，高规格的640个流处理器，铸就更强性能,,6094,100002040022,https://img12.360buyimg.com/n7/jfs/t28054/172/430731568/281137/cf8d851d/5bf36c2bN06a4ca45.jpg
0,昂达（ONDA）GT73K典范1GD5 办公家用游戏 902/5000MHz 1G/64bit显卡,299.00,,full/e3ee0c320d57100bbbfb28e94e4ad7bb9495ba19.jpg,1000000382,0,309.00,384流处理器、5GHz显存、GK208核心、LOL流畅之选、主流游戏澎湃动力、HDMI高清接口、2年质保，品质无忧！,,3582,2675157,https://img12.360buyimg.com/n7/jfs/t17584/122/2404681141/384679/67ff9974/5af27300N73fe7a2c.jpg
0,昂达（ONDA）GT710典范1GD3静音版 954/1000MHz 1G DDR3 PCI-E 2.0显卡,259.00,,full/fc034067cb117262b70510573f17e849417ebc6f.jpg,1000000382,0,259.00,HTPC优选、192个流处理器、19W低功耗，静音散热，HDMI高清输出，2年质保，品质无忧！,,3582,3091395,https://img10.360buyimg.com/n7/jfs/t22267/43/87909488/239084/80030196/5afa8adeNf811d451.jpg
1000,迪兰（Dataland）DEVIL RX580 8G 1411-1439/8000MHz 8GB/256-bit GDDR5 DX12独立游戏显卡,1749.00,,full/57d867330022e1f64e7a6cb4e9e6ebe2101fb31e.jpg,1000005539,50,1749.00,DEVIL重装归来，DEVIL信仰灯加持，高主频高性能 玩转4K 信仰之选,,6094,4091539,https://img14.360buyimg.com/n7/jfs/t8479/236/2347280759/364365/73139622/59cb6046N1aa90a33.jpg
0,索泰（ZOTAC）GeForce GTX1070Ti TYLOO吃鸡战队联名定制版 游戏电竞台式机独立显卡 8GD5/1607-1683/8008MHz,3299.00,,full/33919d1fec9f848b44f81c00b46ec794c7afd412.jpg,1000002556,0,3299.00,"【游戏独显,优选索泰京东自营GTX吃鸡显卡!】5风扇散热,帧数更稳!RGB信仰灯!战队之选!",,16546,5762233,https://img13.360buyimg.com/n7/jfs/t7414/149/4721715197/386416/541bda71/5a0d397eNf8ab1b63.jpg
0,技嘉(GIGABYTE)AORUS GeForce GTX 1070Ti 1607MHz-1683MHz/8008MHz/8G/256bit绝地求生/吃鸡显卡,4599.00,,full/ab128ef906c1fd2778555dc57b8193679339f6e0.jpg,1000000297,0,4599.00,"AORUS高能电竞显卡，“黄金之心”全金属背板!炫彩RGB信仰灯,性能再次突破！吃鸡so easy！",,8900,5937031,https://img11.360buyimg.com/n7/jfs/t16267/200/2459691896/346761/d9e34f07/5aaa05deN36cbc669.jpg
0,讯景（XFX） RX 550 2G 1091/6000MHz 128bit GDDR5 单风扇 独立显卡,569.00,,full/e2339a7f41de312f38f92d061d3017cebaae6077.jpg,1000000450,0,569.00,,,18866,8463207,https://img12.360buyimg.com/n7/jfs/t20146/338/2344013107/237076/24f22c87/5b5140d4N04084200.jpg
0,影驰（Galaxy）GTX 1060 名人堂 1582(1797)MHz/8GHz 6G/192Bit D5 PCI-E显卡,2449.00,,full/9d4d42420a48bacc960c0c49db3f6a1d624663ca.jpg,1000000308,0,2449.00,,,19962,3026799,https://img14.360buyimg.com/n7/jfs/t7309/364/1469767426/112678/767fb018/599d5130N19b8c64f.jpg
0,讯景（XFX） RX 550 4G 1091/6000MHz 128bit GDDR5 单风扇 独立显卡,669.00,,full/6765fef314bef7f0b931623bac892889c237abd4.jpg,1000000450,0,669.00,,,18866,8251058,https://img13.360buyimg.com/n7/jfs/t22135/84/2339564888/237076/24f22c87/5b5140a8N435ecdb0.jpg
0,七彩虹(Colorful)iGame1060烈焰战神S-6GD5 Top LE 1506-1708MHz/8008MHz6G192bit吃鸡显卡,1699.00,,full/56c8a044a4a7bbb437a5209a1a3337f85b61b589.jpg,1000000267,0,1699.00,三年品质保障，三风扇强劲散热，高频率、低功耗、金属背板亲民选择,,22215,5758098,https://img13.360buyimg.com/n7/jfs/t7915/230/3439911989/82231/da219211/59f6edd7N33b6b9e4.jpg
0,技嘉(GIGABYTE)AORUS GeForce RTX 2080 XTREME WATERFORCE 1890MHz 14140MHz 256bit GDDR6 8G 电竞游戏显卡,8499.00,,full/c7c6548fc0f021326be25ead17b41149a7c73b8d.jpg,1000000297,0,8499.00,【迎双旦7000-500】AORUS水雕，朝生碧海，逆水成寒，电竞“吃鸡”显卡,满7000元减500元,8900,100002066718,https://img13.360buyimg.com/n7/jfs/t1/15802/35/916/198678/5c0dca6eE614dcd72/091af64404be5c6d.jpg
0,微星（MSI）GeForce GTX 1080 GAMING X 8G 1708-1847MHZ 256BIT GDDR5X PCI-E 3.0 旗舰红龙 吃鸡显卡,4199.00,,full/1d611bbd25f0ec63531c8d4cfa726287e83a37f0.jpg,1000000266,0,4199.00,"酷炫RGB龙魂灯,碳纤维铝制合金强化背板,零噪智能风扇散热技术,非公8+2强化供电设计,三重闪电散热,畅玩游戏盛宴!",,17443,2896113,https://img13.360buyimg.com/n7/jfs/t8650/106/824486239/480977/748e4585/59af98c2N190d9260.jpg
0,讯景（XFX）RX 580 4G 黑狼版 1366/7000MHz-1386/7100MHz 4G 256bit GDDR5 显卡,1199.00,,full/bbe5a005c56fa62fc0dd824d957baed4ba27b2a7.jpg,1000000450,0,1199.00,RX500系列黑狼版OC频率1386MHz，游戏战必胜，挖矿产率高！,,18866,4075139,https://img14.360buyimg.com/n7/jfs/t10411/247/979533719/269424/494d9010/59db19c7N5259ea14.jpg
0,华擎（ASRock）RX560 4G 幻影国度 钻石版 Phantom Gaming 1176-1223 MHz/7000 MHz 4GB GDDR5 吃鸡游戏显卡,949.00,,full/94d05eb15638ccb1a4eee83f620b612a5fe2ab08.jpg,1000000509,0,949.00,三年质保！长寿双滚珠风扇，超频、预设、静音模式任意选！,,216081,8413442,https://img12.360buyimg.com/n7/jfs/t23659/252/2189931449/221186/9365be50/5b763c78N0060d140.jpg
0,索泰（ZOTAC）GTX1080Ti玩家力量至尊PGF吃鸡显卡/游戏电竞台式机独立显卡11GD5X/1569-1683/11010MHz,5499.00,,full/f0da7c356c86429885f3192666c329b863c8b267.jpg,1000002556,0,5499.00,"【游戏独显,优选索泰京东自营GTX吃鸡显卡!】3组RGB信仰灯,16+2相壕级推料供电,高频显卡!",,16546,4880276,https://img11.360buyimg.com/n7/jfs/t6088/257/8409809918/206788/81c30097/59897001Nc2ec8c4a.jpg
1000,蓝宝石 (Sapphire) RX580 8G D5 超白金 极光特别版 1430MHz/8400MHz 8GB/256bit GDDR5 DX12 吃鸡显卡,1799.00,,full/7e9bac636ffe71f4710d41e924922dec92c70069.jpg,1000005574,50,1799.00,"全新极光蓝配色搭配蓝光LED风扇更显别致,,带来流畅的游戏体验",,10864,4607983,https://img13.360buyimg.com/n7/jfs/t1/9437/18/3315/350192/5bd67d67E13e5e0c4/3e97b7bf24e68f9e.jpg
0,铭瑄（MAXSUN）MS-GT730重锤II2G 902MHz/1600MHz 2GB/64bit DDR3入门显卡,379.00,,full/83336e836124c2f3eb5a2208be9a7f9715d48cec.jpg,1000094211,0,379.00,【入门独立显卡 下单先领券】,,13026,100000343196,https://img11.360buyimg.com/n7/jfs/t1/2895/9/3714/153831/5b9a0687E3f2e9e58/916d00f3b8100114.jpg
0,华硕（ASUS）ROG STRIX-GTX1060-6G-GAMING 1506-1708MHz 6G/8GHz GDDR5 PCI-E3.0显卡,2199.00,,full/6b6fb750fce0b55413332defe44a2e157f2048d2.jpg,1000000225,0,2199.00,"【亲民猛禽系列游戏显卡】智能超频!VR友好HDMI接口!热管直触,超强散热!7相超合金供电,自定义RGB灯效!",,8551,2993217,https://img12.360buyimg.com/n7/jfs/t3055/131/738893722/120293/64913ecb/57be6a94Na49bce63.jpg
0,耕升（GAINWARD）GeForce GTX1050Ti 飓风 1366MHz/1480MHz/7008MHz 4G/128bit GDDR5 吃鸡显卡,1199.00,,full/4850a206b7153425057516cba4eacc42db755b10.jpg,1000094282,0,1199.00,,,344276,6063668,https://img13.360buyimg.com/n7/jfs/t19624/66/2375677839/141838/50a96d0d/5af2afacNc3f15f79.jpg
0,耕升（GAINWARD）GeForce GTX1050Ti 烈风 1354MHz/1468MHz/7008MHz 4G/128bit GDDR5 吃鸡显卡,1269.00,,full/45b46b8bf1806486aac7d777d08d6c67199f0cc2.jpg,1000094282,0,1269.00,,,344276,4252396,https://img11.360buyimg.com/n7/jfs/t19417/181/2407278603/125267/cd06269/5af2afceN1713e03f.jpg
0,映众 GeForce GTX1080 X4冰龙超级版 ICHILL 8GB/256Bit GDDR5X PCI-E吃鸡显卡/游戏电竞台式机独立显卡,3999.00,,full/7c030a0fb92e349971f2d564e2cd6d0149012836.jpg,1000005704,0,3999.00,K级高能电竞核弹畅快吃鸡！四风扇七热管巨无霸诚意满满！超低温度，带RGB监控灯+金属背板！,,19972,3136990,https://img10.360buyimg.com/n7/jfs/t8422/68/1378497461/266539/c265593f/59b8adadN85a23b8e.jpg
0,华擎（ASRock） Radeon RX VEGA 56 8G 幻影电竞 宙斯 吃鸡游戏显卡,3999.00,,full/1418962b4eb87bc0e50dfce218bf815c90cf56e1.jpg,1000000509,0,3999.00,"流畅吃鸡, FreeSync 2 HDR技术画面滑顺不撕裂!",,216081,8413426,https://img11.360buyimg.com/n7/jfs/t1/10543/5/5817/194177/5c19eee8E813759b4/03f9c7f5ef6a01d3.jpg
0,影驰（Galaxy）GTX 1060 Mini 1518(1733)MHz/8Gbps 6G/192Bit D5 PCI-E吃鸡显卡,1699.00,,full/13b6df526b6afd0e7078dfb1d4ca424ac0f8fc4c.jpg,1000000308,0,1699.00,,,19962,4674816,https://img11.360buyimg.com/n7/jfs/t12856/365/975889391/120381/207e7124/5a17c626Nc494310d.jpg
0,讯景（XFX）RX 570 4G 黑狼版 1264/7000MHz-1284/7100MHz 4G 256bit GDDR5 显卡,999.00,,full/f031fd00f9b9cd4e143c704ff416cdd2b2e151d4.jpg,1000000450,0,999.00,RX500系列，强劲性能优化，游戏体验新升级，惠战正酣,,18866,4075137,https://img12.360buyimg.com/n7/jfs/t10990/200/979029098/293472/46370e50/59db1157N44c1e8b8.jpg
0,讯景（XFX）RX 570 8G 黑狼版 1286/7000MHz 8G 256bit GDDR5 显卡,1299.00,,full/5ba29a293e727c7481ee2afeccf36340205b1c30.jpg,1000000450,0,1299.00,DOTA2游戏推荐显卡，8G显存吃的饱、freeSync拒绝画面撕裂,,18866,5933683,https://img13.360buyimg.com/n7/jfs/t12871/274/2077650905/265013/37653ac1/5a30d2a5N0bea05d0.jpg
0,技嘉(GIGABYTE)GeForce GTX 1050Ti WF2OC 1328-1442MHz/7008MHz 4G/128bit游戏显卡,1249.00,,full/5524eca093b3cc4a5689da07f1d234bd94cba00f.jpg,1000000297,0,1249.00,进阶版风之力2X散热系统/5枚显示接口兼容无忧/技嘉GTX1050Ti WF2OC高品质显卡助你轻松游戏!,,8900,3505737,https://img12.360buyimg.com/n7/jfs/t17236/345/783117799/453437/aba2613d/5aaa0e6eN12ae2dfa.jpg
0,微星（MSI）GeForce GTX 1070 Ti Titanium 1607-1683MHZ 256BIT 8GB GDDR5 PCI-E 3.0 钛金版 吃鸡显卡,3599.00,,full/6a341aaf7806df1faaf2d48c78fca0b37863dcb3.jpg,1000000266,0,3599.00,"龙魂RGB LED灯效!坚固金属背板,刀锋4智能风扇,零噪智能风扇散热,多卡支持技术,带您夜夜吃鸡!",,17443,5522903,https://img13.360buyimg.com/n7/jfs/t11167/252/443775982/451927/a3ff9f6/59f04acfNa52c1986.jpg
0,映众（Inno3D）GeForce GTX 1070黑金至尊版 1683/8000MHz 8GB/256Bit GDDR5 PCI-E 吃鸡显卡,2999.00,,full/bf2b9720a15d39ea12e4a0e5409cb13f34fd094e.jpg,1000005704,0,2999.00,够爽才能赢！高性价比发烧级吃鸡利器！双风扇高规散热，支持GPU Boost智能睿频！,,19972,6878981,https://img11.360buyimg.com/n7/jfs/t18172/18/987602071/97928/fdda6c64/5ab36562N3f18fd8c.jpg
0,映众 GeForce GTX1060 X3 Ultra冰龙超级版 ICHILL 1784/8200MHz 3GB/192Bit GDDR5 PCI-E 吃鸡显卡,1399.00,,full/479de83446532a44836b0832a96126c874d8c03b.jpg,1000005704,0,1399.00,1080P ‘吃鸡’轻松60帧！三风扇傲骄散热低温更稳定！带金属背板！支持144Hz高能电竞，支持VR READY！,,19972,4386778,https://img13.360buyimg.com/n7/jfs/t11635/293/2245792157/73624/51d6d902/5a13968cN65856e79.jpg
0,华擎（ASRock）RX560 2G 幻影国度 铂金版 Phantom Gaming 1176-1223 MHz / 6000 MHz 2GB GDDR5 游戏显卡,849.00,,full/5c3a402869dd7f7ff748148b96b988861824bb86.jpg,1000000509,0,849.00,三年质保！长寿双滚珠风扇，超频、预设、静音模式任意选！,,216081,8413374,https://img14.360buyimg.com/n7/jfs/t24661/7/584331223/230381/e5dad59c/5b753a9bN956d87b4.jpg
0,华擎（ASRock） RX550 2G 幻影国度 黄金版 Phantom Gaming 1183-1230 MHz / 6000 MHz GDDR5 游戏显卡,599.00,,full/0a61668027ba78bb0ce050ea58571b151148377e.jpg,1000000509,0,599.00,三年质保！长寿双滚珠风扇，超频、预设、静音模式任意选！,,216081,8413416,https://img11.360buyimg.com/n7/jfs/t23215/123/2129781719/227892/8d0e6e8b/5b753a70N020bb6db.jpg
0,EVGA GTX1070 8G FTW ACX 3.0 RGB LED 1607-1797MHz /8008MHz 电脑吃鸡游戏独立显卡,2699.00,,full/183156832a27cf41200795077b6394097b5a4380.jpg,1000080223,0,2699.00,新一代EVGA ACX 3.0 散热技术，搭载RGB LED设计 ，通过 EVGA Precision XOC重新定义你的游戏！,,40012,3230874,https://img14.360buyimg.com/n7/jfs/t2611/275/3028444231/199590/7b197df1/577cd1f8N2184b72d.jpg
0,华擎（ASRock）RX580 2048SP? 4G  幻影电竞 阿波罗 1284-1335 MHz / 7000 MHz GDDR5 吃鸡显卡,1299.00,,full/e6fd4ac629785ebf2f2fa964d6235569952fb10f.jpg,1000000509,0,1299.00,"【满1000减100,晒单送100元E卡】三年质保,流畅吃鸡,幻影电竞!核心频率1284MHz,4G显存,双风扇!(此商品不参加上述活动)",满1000元减100元,216081,100001660608,https://img13.360buyimg.com/n7/jfs/t1/27214/30/2149/223565/5c19ef11Ee8f9b724/3a89d3ad88e453b5.jpg
0,讯景（XFX）R7 250X 2G 黑狼 六屏版 950/5000MHz 128bit DDR5 显卡,1099.00,,full/c010eb67440a1c15c5ed7432f221c056513b7790.jpg,1000000450,0,1099.00,【单卡六联屏，炒股好帮手！】miniDP*6，标配DVI/HDMI转接头，2G大显存，一览定乾坤！,,18866,1882937,https://img12.360buyimg.com/n7/jfs/t1/1027/3/4025/294778/5b9b1f8dE0704ed26/6e9c0b3282d35116.jpg
0,影驰（Galaxy） GeForce GTX 1060 大将X 1544(1759)MHz/8GHz 6G/192Bit D5X,1999.00,,full/5a6d347de5708c42ebbe78b517676504c1baf9a8.jpg,1000000308,0,1999.00,【三年质保】拒绝二手卡，拒绝翻新，全新GDDR5X！非公版设计，全数字接口！,,19962,100002089760,https://img10.360buyimg.com/n7/jfs/t26707/19/2019506197/68064/e3d2e19a/5bf4d281Nb8fd8f28.jpg
0,讯景（XFX）RX 560 4G D5 黑狼版 1295/7000MHz 128bit GDDR5 显卡,999.00,,full/78a658b773d5629403905af94623bfba69d8acf3.jpg,1000000450,0,999.00,双热管大显存，游戏有我，用五之地,,18866,5149246,https://img11.360buyimg.com/n7/jfs/t16174/122/349103566/306742/1c9b07b9/5a30d280N359777f9.jpg
0,七彩虹（Colorful）iGame1050 烈焰战神S-2GD5 GTX1050 1430-1544MHz/7000MHz 2G/128bit GDDR5 显卡,899.00,,full/772b4228e5ad11280e9a5ecf7ab20747841b9b52.jpg,1000000267,0,899.00,RGB信仰灯、金属背板、数字供电实力兼具畅快游戏体验,,22215,4101100,https://img10.360buyimg.com/n7/jfs/t1/1343/25/12019/113934/5bd18364E50f27f6e/ae73b36eab8e5e96.jpg
0,映众 GeForce GTX1060黑金战神版 1708/8000MHz 3GB/192Bit GDDR5 PCI-E 吃鸡显卡,1549.00,,full/5e741fbce8945945e98809d131f31ea2137bb16c.jpg,1000005704,0,1549.00,"电竞游戏卡, 畅快吃鸡！双风扇双热管高规散热，升级PCB更可靠！支持4K，支持VR！你还要啥960？！",,19972,3562628,https://img13.360buyimg.com/n7/jfs/t10420/343/1388428455/77264/a43bceaf/59e0170eN4be24125.jpg
0,七彩虹（Colorful）战斧 GTX1050Ti 4G V2 GTX1050Ti 1366-1468MHz/7000MHz 4G/128bit GDDR5 游戏显卡,1099.00,,full/5a486b1599ede9b9633bac2f475fe8b2679df2a3.jpg,1000000267,0,1099.00,,,22215,4835297,https://img12.360buyimg.com/n7/jfs/t10840/166/59321339/340218/c519bf23/59c4cb2fN12988c1a.jpg
0,EVGA GTX1050 2G SC GAMING ACX 2.0 1417-1531MHz/7008MHz 电脑游戏独立显卡,799.00,,full/d19682d03053b067f3c5a7c9e59d8290001f82b0.jpg,1000080223,0,799.00,,,40012,4245884,https://img14.360buyimg.com/n7/jfs/t3142/285/4961435611/207186/63af4de8/585c653fNc5153f78.jpg
0,技嘉(GIGABYTE)GeForce GT710D5-1GI 954MHz/5010MHz 1G/64bit GDDR5显卡,399.00,,full/aee7d961daca21c432c4e82446989124e3df08e3.jpg,1000000297,0,399.00,小身材大能量，GDDR5显存助力显卡性能再提升，办公娱乐新选择！,,8900,4350069,https://img14.360buyimg.com/n7/jfs/t6712/57/143130562/309558/dc6c9c01/593a61c9Nb28599aa.jpg
0,技嘉(GIGABYTE)GV-N780GHZ-3GD 1071MHz/6008MHz 3GB/384bit GDDR5显卡,1999.00,,full/785dcdec80af601e23291135ae9fcde9bc14a01c.jpg,1000000297,0,1999.00,,,8900,1003651,https://img11.360buyimg.com/n7/g14/M03/14/1A/rBEhVlMVra4IAAAAAAGIoqXK0A8AAJj4wNyxy4AAYi6683.jpg
0,昂达(ONDA)R7 260X神盾1GD5 1000/5000MHz 1G/128bit DDR5显卡,619.00,,full/f0118ab7643e9041274c076c9dd9426e5a597121.jpg,1000000382,0,619.00,双风扇设计，背板/全固态做工，性能超越7770，1080P高特效流畅运行主流游戏！3年保固，质量无忧！,,3582,1037733,https://img13.360buyimg.com/n7/g15/M09/03/06/rBEhWlLeGY8IAAAAAAG64Ylc7xIAAIFcQOoqlAAAbr5974.jpg
0,铭瑄（MAXSUN） R7 240变形金刚2G 780/4000MHz 海量2G真D5 128bit显卡,399.00,,full/db231c1845d93f96096bfe808335a1d90101d13b.jpg,1000002051,0,399.00,【2G D5显存，35w绿色低功耗】VGA+DVI+HDMI高清输出，主流网游LOL/CF/DNF/逆战全特效无压力！集显/老机升级好选择！,,13026,1105718,https://img13.360buyimg.com/n7/g15/M02/17/01/rBEhWVNPPCMIAAAAAAIyM9ksjHYAAL8_gNdsjgAAjJL584.jpg
0,华硕（ASUS）猛禽STRIX-GTX980-DC2OC-4GD5 1279MHz/7010MHz 4GB/256bit DDR5 PCI-E 3.0 显卡,4699.00,,full/04a57f8de4aea4a133ea8bd13798a2029d1228ce.jpg,1000000225,0,4699.00,清仓中,,8551,1580910,https://img10.360buyimg.com/n7/jfs/t5056/264/142979155/133520/58bb3b69/58db8362Ncdb3f4e3.jpg
0,铭瑄（MAXSUN）GeForce GT 730变形金刚2G 64bit/DDR5 PCI-E 显卡/独显,399.00,,full/afd24fbdd6d2691f4c51a924f2aa66174aeb921e.jpg,1000094211,0,399.00,【入门独立显卡】高速2G D5显存！LOL/CF全特效畅玩！384个流处理器！黑盒防尘设计散热器！智能温控功能，安静舒适！,,13026,1887955,https://img10.360buyimg.com/n7/jfs/t7561/10/2138216181/348197/3dc6caad/59aa793cN1adec9b0.jpg
0,耕升（GAINWARD）GeForce GTX1070 追风版 1594MHz/1784MHz/8008MHz 8GB GDDR5 吃鸡显卡,3199.00,,full/bfa9cc5d313ca3080fe43ecb3112f0e9e26dbf74.jpg,1000094282,0,3199.00,,,344276,2946931,https://img11.360buyimg.com/n7/jfs/t16858/97/2356615196/169384/ec91bdc0/5af2adc1N7e688a58.jpg
0,华硕（ASUS）STRIX-GTX1070-8G-GAMING 1531-1721MHz 8G/8GHz GDDR5 PCI-E3.0显卡,3699.00,,full/9e1e73e0eea64232dbd3586570a4d112c72dd5ed.jpg,1000000225,0,3699.00,【ROG吃鸡之作】超公版性能!一键超频!7相超合金供电!VR友好型接口!RGB自定义信仰灯!颠覆游戏体验!,,8551,3122546,https://img11.360buyimg.com/n7/jfs/t2779/22/3753643151/133447/afe31caf/579763e0N38cce350.jpg
0,影驰（Galaxy）GTX 1060 黑将 1544(1759)MHz/8GHz 3G/192Bit D5 PCI-E吃鸡显卡,1499.00,,full/57af722a762326772eb91cdfb34cc08dafd91d62.jpg,1000000308,0,1499.00,,,19962,3363115,https://img10.360buyimg.com/n7/jfs/t5791/149/9482183255/135597/c795d90f/5987d232N717cf0e4.jpg
0,影驰（Galaxy）名人堂 2路 双排 8cm SLI 桥接器,300.00,,full/fb41cbb2dd81d9dd45bec69c0713302a5c549c06.jpg,1000000308,0,300.00,影驰名人堂 SLI 桥接器，连通灵感，触发奇迹!,,19962,3557358,https://img13.360buyimg.com/n7/jfs/t6769/197/1967382999/72933/64c3a4f8/5987e45bN67eef22f.jpg
0,技嘉(GIGABYTE)GeForce GTX 1050Ti G1 GAMING 1366-1480MHz/7008MHz 4G/128bit游戏显卡,1399.00,,full/1b7c5da75fc35cf73a1ebea6aa75336ffa6594bc.jpg,1000000297,0,1399.00,正逆转交替风扇设计/软磁粉复合式热管强力吸温/5枚显示接口兼容无忧/G1信仰强势加成!,,8900,3936574,https://img14.360buyimg.com/n7/jfs/t19579/263/817050387/458221/d03002a/5aaa0e55N6e9102e1.jpg
0,索泰（ZOTAC）GTX1080Ti玩家力量至尊PGF OC吃鸡显卡/游戏电竞台式机独立显卡11GD5X/1620-1733/11210MHz,6699.00,,full/82ffa2f4a1660afa7cfb637f72e6b5904cbdba0e.jpg,1000002556,0,6699.00,"【游戏独显,优选索泰京东自营GTX吃鸡显卡!】3组RGB信仰灯,16+2相供电,高频显卡!",,16546,4081507,https://img12.360buyimg.com/n7/jfs/t5989/112/8577279331/206788/81c30097/59896feaN10f7f384.jpg
0,技嘉(GIGABYTE)GeForce GTX 1050 OC Low Profile 2G 1366-1506MHz/7008MHz 2G/128bit游戏显卡,999.00,,full/6e638e17ec4604b94e292060b2f023755a0cd67b.jpg,1000000297,0,999.00,"167mm刀卡,兼容各式MINI机箱!低噪音,低功耗,强散热,长寿命,支持四屏输出,轻松玩转多屏!",,8900,4414310,https://img10.360buyimg.com/n7/jfs/t7771/332/595602529/294647/6cdbfdfd/5995329cN4e07f21d.jpg
0,技嘉(GIGABYTE)GeForce GTX 1050Ti OC Low Profile 4G 1303-1442MHz/7008MHz 4G/128bit游戏显卡,1399.00,,full/19e220ce322c0da6aec845588fe2a2c4866dd921.jpg,1000000297,0,1399.00,"167mm刀卡,兼容各式MINI机箱!低噪音,低功耗,强散热,长寿命,支持四屏输出,轻松玩转多屏!",,8900,4414640,https://img10.360buyimg.com/n7/jfs/t5926/25/9708309724/287631/ad7c2e52/5995321dN3d1081d3.jpg
0,EVGA GTX1080Ti 11G SC2 ELITE GAMING iCX 1556-1670MHz/11000MHz 电脑吃鸡游戏独立显卡,4999.00,,full/40600decbf1c4449d452cc50c2c70da256bc6a89.jpg,1000080223,0,4999.00,,,40012,4558823,https://img13.360buyimg.com/n7/jfs/t5863/169/7336403897/201322/2df31371/59706384N54529911.jpg
0,华硕（ASUS）ROG STRIX-GeForce GTX1080TI-O11G-GAMING 1569-1708MHz 11100MHz 猛禽发烧级电竞游戏显卡,8699.00,,full/156bad710e6e16bd58b415038124fc3067404d6e.jpg,1000000225,0,8699.00,【猛禽显卡，专为电竞打造】RGB神光同步!一键超频!全自动制程工艺!升级镜面直触，疾速稳定!,,8551,4709296,https://img11.360buyimg.com/n7/jfs/t10474/283/2259622152/376780/917104a/59f31345Naa9cd10f.jpg
0,技嘉(GIGABYTE)AORUS GTX 1080Ti Xtreme Edition  1607-1721MHz/11232MHz 11G/352bit GDDR5X显卡,7999.00,,full/0a2b7b5e811ce36079eea3a33fb595a3371a349a.jpg,1000000297,0,7999.00,"【货源紧俏,信仰之选】AORUS旗舰登场!背板发光LOGO,“黄金之心”全金属背板!炫彩RGB信仰灯!",,8900,4729162,https://img12.360buyimg.com/n7/jfs/t18022/9/806343345/430886/325224c8/5aa8c680N806e4778.jpg
0,华硕（ASUS）DUAL-GeForce GTX1050TI-O4G-V2 1341-1455MHz 7008MHz GDDR5 雪豹游戏显卡 无需外接电源,1099.00,,full/c1d1efe25fdf3776c15cf597187cc79f309a421e.jpg,1000000225,0,1099.00,"【即插即用】霸气雪豹,双风强散热,频率升级!实测游戏畅玩！",,8551,4813197,https://img12.360buyimg.com/n7/jfs/t8368/92/672011413/383573/9876ef49/59ad1b7eN117db6e5.jpg
0,微星（MSI）GeForce GTX 1070 Ti GAMING 1607-1683MHZ 256BIT 8GB GDDR5 PCI-E 3.0 旗舰红龙 吃鸡显卡,3399.00,,full/d98ee5e70259f1de7115e11bfe924edf2df3a989.jpg,1000000266,0,3399.00,"【旧卡升级大额补贴,剑网3游戏礼包,年终大抽奖】（28日起2070领券减400）",,17443,5522917,https://img12.360buyimg.com/n7/jfs/t11722/158/440641512/491072/98e0e58e/59f04b05N3fca9ef1.jpg
0,EVGA GTX1080Ti 11G SC2 GAMING iCX 1556-1670MHz/11000MHz 电脑吃鸡游戏独立显卡,4999.00,,full/3740fb16c164f293fdbc8adfd4466404f9ef1ee5.jpg,1000080223,0,4999.00,EVGA GeForce GTX 1080 Ti 显卡选择使用 iCX 技术构建，与 iCX 散热进行动态互动式沟通并监控温度，为您提供无忧虑的战游环境。,,40012,4946528,https://img13.360buyimg.com/n7/jfs/t4555/121/4116765602/201322/2df31371/59096a77N29d2d202.jpg
0,七彩虹(Colorful)iGame GeForce GTX1070Ti Vulcan X Top GTX1070Ti 1607-1683MHz/8Gbps 8G/256bit吃鸡显卡,3799.00,,full/5154d4487f2c788119f3c5069cc69e4bcfcbe7ea.jpg,1000000267,0,3799.00,10系列高规性价比游戏显卡，自带显示屏让你体验显卡数字化快感,,22215,5625990,https://img10.360buyimg.com/n7/jfs/t11977/221/2187171413/80109/d9380a86/5a123589Nf05f63ce.jpg
0,耕升（GAINWARD）GeForce GTX1050 旋风 V3 1366MHz/1468MHz/7008MHz 2G/128bit GDDR5 显卡,899.00,,full/9f0a7b7759dcb0c0ff37b6e2aa9610bd4a1e3c9f.jpg,1000094282,0,899.00,,,344276,6241731,https://img11.360buyimg.com/n7/jfs/t19279/152/2359218403/155631/1c0ceca8/5af2b028N2198802e.jpg
0,七彩虹（Colorful）iGame SLI HB BRIDGE X4 桥接器,399.00,,full/c905e6d7667e6756c5c9ee4b167e45fb347254f3.jpg,1000000267,0,399.00,,,22215,6329934,https://img14.360buyimg.com/n7/jfs/t17017/53/620908704/157627/ac17af6c/5a9cd85aN2464bba7.jpg
1000,蓝宝石（Sapphire）RADEON RX Vega 56 8G HBM2 超白金OC 吃鸡游戏显卡,2799.00,,full/414c3e3aca28f58120755a62b68dec40bd21a0ad.jpg,1000005574,50,2799.00,,,10864,6455706,https://img11.360buyimg.com/n7/jfs/t16288/111/2139206004/138099/dd1c3a16/5a960df5Na222fe09.jpg
0,技嘉(GIGABYTE)GeForce GT 1030 Low Profile D4 1151-1417MHz/2100MHz 2G/64bit显卡,499.00,,full/4744e717297a882f3cc2f8d716abe0096b20dd32.jpg,1000000297,0,499.00,"150mm刀卡,兼容各式MINI机箱!低噪音,30W低功耗,畅玩LOL！",,8900,6680366,https://img11.360buyimg.com/n7/jfs/t16921/81/914859404/384804/2049b43a/5ab0dd6eNc2a9b583.jpg
0,铭瑄（MAXSUN）GeForce GTX1070Ti JetStream 8G 1607-1683 MHz / 8G /8000 MHz / 256 bit 吃鸡显卡,3699.00,,full/5e8fba405100826e89f28985bb2953a8c0d99eb8.jpg,1000094211,0,3699.00,,,13026,7566229,https://img14.360buyimg.com/n7/jfs/t18379/94/2553658849/167820/83f3f7ae/5afd5a7aN24379484.jpg
0,蓝宝石（Sapphire）Radeon RX570 8G D5 海外版 OC 1284MHz/7000MHz 8GB 256bit DX12吃鸡显卡,1399.00,,full/85c1e6d08ea3c2a6dfcb62ac4e621c79181ab7bb.jpg,1000005574,0,1399.00,8GB大显存，大尺寸双风扇，高效稳定运行，畅玩主流游戏,,10864,7725511,https://img11.360buyimg.com/n7/jfs/t20950/152/245390898/243457/29a5b9eb/5b07700cN42dbd7be.jpg
0,影驰（Galaxy）GeForce RTX 2080 Ti 大将,9499.00,,full/a24c54bde8d998bea847d4ff59160adbb11cbffa.jpg,1000000308,0,9499.00,"【稀缺新品,全新到货!】全新NVDIA Turing架构,11G显存星爵三重火力散热器/新数字接口USB-C/图灵新魔盘/游戏不2之选!(此商品不参加上述活动)",,19962,8732412,https://img12.360buyimg.com/n7/jfs/t25945/315/671670051/110242/a9a18a12/5b77ea0fNe5286ff5.jpg
0,映众（Inno3D）GeForce RTX 2080 Ti 黑金至尊OC版 11GB GDDR6 PCI-E吃鸡显卡/游戏电竞台式机独立显卡,9499.00,,full/7662decb2dbdb33306281306e83cddfc29a95b6b.jpg,1000005704,0,9499.00,珍稀货源！冰鳞真空腔均热板散热更胜传统热管！92mm大尺寸高效双风扇！1670W色RGB流光信仰灯加持！,,19972,8733308,https://img13.360buyimg.com/n7/jfs/t25726/77/1265130300/239852/c4f8879b/5b8f6dabNcd5a33f4.jpg
0,耕升（GAINWARD）GeForce RTX 2080Ti 炫光 OC,9499.00,,full/275e9025e4cc04e8db59c588d5994e58c8bb4825.jpg,1000094282,0,9499.00,,,344276,8945577,https://img12.360buyimg.com/n7/jfs/t23011/241/2310992908/180797/dc100a84/5b793447N616ca88c.jpg
0,影驰（Galaxy）GeForce RTX 2070 OC 1830MHz/14Gbps 8GB/256Bit GD6 PCI-E 游戏显卡,3999.00,,full/d08f63cd66914301dba2127869252fbfbc35b71b.jpg,1000000308,0,3999.00,【三年质保 游戏专享】魔盘超频/三风扇6热管/RGB呼吸灯/新数字接口/游戏进入光明时代！,,19962,100000945507,https://img12.360buyimg.com/n7/jfs/t27682/319/1317483483/105729/f9fef511/5bc5ade4N83b69e32.jpg
0,索泰（ZOTAC）RTX2070-8GD6 玩家力量至尊PGF OC14吃鸡显卡/游戏电竞台式机独立显卡1410-1830/14000MHz,5999.00,,full/bed3aeb9da2c8d6c6dbd98003c5a04e04584c706.jpg,1000002556,0,5999.00,"【从GTX到RTX,玩转光追,就用索泰游戏显卡!】6热管3风扇,到处都是灯,颜值担当!20相供电,实力担纲!",,16546,100001708827,https://img12.360buyimg.com/n7/jfs/t1/16492/10/338/355989/5c08e585E744d4c46/6110c09009bee9e8.jpg
0,华硕（ASUS）TURBO-GeForce RTX2070-8G 游戏电竞专业显卡 8G 256bit 独立显卡,4199.00,,full/537740c493e7a94df807879f8444be6cca11a458.jpg,1000000225,0,4199.00,"【购即赠剑网3专属礼包】全自动化制程技术,创新顶端导风槽,超合金供电!8MM双滚珠轴承风扇!",,8551,100001120992,https://img12.360buyimg.com/n7/jfs/t27892/245/1371693874/254423/7daf9cc/5bc6e193Nf4df7417.jpg
0,索泰（ZOTAC）RTX2080-8GD6至尊PLUS OC8吃鸡显卡/游戏电竞台式机独立显卡1515-1830/14000MHz,5999.00,,full/97b98a8bf3051a641b54201027b1557a800f7cfe.jpg,1000002556,0,5999.00,"【从GTX到RTX,玩转光追,就用索泰游戏显卡!】5风扇散热,RGB背板风扇,12相供电,高频率!",,16546,100001834633,https://img13.360buyimg.com/n7/jfs/t1/22426/6/2284/402786/5c1b312bEc9cd12c6/b793a03045d42225.jpg
0,七彩虹（Colorful）iGame GeForce RTX 2080 海外版 GDDR6 8G电竞游戏显卡,5699.00,,full/0622a86da2ea7c82d17d9a00545258f52d1f5064.jpg,1000000267,0,5699.00,,,22215,100001807079,https://img14.360buyimg.com/n7/jfs/t1/29442/31/1298/121923/5c10c1a9Eb0094f65/d14e459ee2f4cd7d.jpg
0,影驰（Galaxy）GTX 1060 骁将X 1518(1733)MHz/8GHz 6G/192Bit D5X,1949.00,,full/4b9f1f55a32db5046db14278e807c91302acf1b9.jpg,1000000308,0,1949.00,【三年质保】拒绝二手卡，拒绝翻新，全新GDDR5X！非公版设计，全数字接口！今晚“吃鸡” 骁将在此！,,19962,100001982136,https://img11.360buyimg.com/n7/jfs/t29236/180/291880040/210233/77bd2dac/5bee690eN9c8f3729.jpg
0,华擎（ASRock）RX590 8G OC  幻影电竞 雅典娜 1560-1591 MHz / 8000 MHz GDDR5 吃鸡显卡,1999.00,,full/7f5a5e725b0b20fd2fc5e26c8b08a0e029588e95.jpg,1000000509,0,1999.00,【晒单送100元E卡，0元赢免单】华擎RX 590 8G幻影电竞显卡，流畅游戏吃鸡,,216081,100001834651,https://img11.360buyimg.com/n7/jfs/t1/16131/30/1865/211961/5c17502cE800c9eac/35bf32bfa2a475aa.jpg
0,索泰（ZOTAC）GTX1070Ti-8GD5麦克PA 吃鸡显卡/游戏电竞台式机独立显卡1607-1683/8008MHz,3099.00,,full/d6e376da27ef6cca12ad364c990775a14cbc8b75.jpg,1000002556,0,3099.00,"【游戏独显,优选索泰京东自营GTX吃鸡显卡!】涡轮风扇,深度优化机箱风道!信仰PCB!",,16546,100002310016,https://img11.360buyimg.com/n7/jfs/t1/26883/10/311/380460/5c08e43dEdfa40e2f/25c9cd3b271e12e4.jpg
3000,影驰（Galaxy）GeForce RTX 2070 大将,4199.00,,full/5fed09685434ffd264a21f3cc72c674d7902c536.jpg,1000000308,400,4199.00,,,19962,100002310024,https://img14.360buyimg.com/n7/jfs/t1/16675/20/183/113047/5c079bf6Eefb1c362/6437e8c50591852c.jpg
